1,C:\ACorn\jsonPayload\30-01-2019_1252AM\testScenario_for_API__AddFeeLoanAccount_SlabCreate1.json,C:\ACorn\jsonWorkbench\expectedResults\30-01-2019_1252AM\expectedResults_for_API__AddFeeLoanAccount_SlabCreate1.json,C:\ACorn\jsonWorkbench\urlParameters\30-01-2019_1252AM\urlInputFields_for_API__AddFeeLoanAccount_SlabCreate1.json
2,C:\ACorn\jsonPayload\30-01-2019_1252AM\testScenario_for_API__AddFeeLoanAccount_SlabCreate2.json,C:\ACorn\jsonWorkbench\expectedResults\30-01-2019_1252AM\expectedResults_for_API__AddFeeLoanAccount_SlabCreate2.json,C:\ACorn\jsonWorkbench\urlParameters\30-01-2019_1252AM\urlInputFields_for_API__AddFeeLoanAccount_SlabCreate2.json
3,C:\ACorn\jsonPayload\30-01-2019_1252AM\testScenario_for_API__AddFeeLoanAccount_SlabCreate3.json,C:\ACorn\jsonWorkbench\expectedResults\30-01-2019_1252AM\expectedResults_for_API__AddFeeLoanAccount_SlabCreate3.json,C:\ACorn\jsonWorkbench\urlParameters\30-01-2019_1252AM\urlInputFields_for_API__AddFeeLoanAccount_SlabCreate3.json
4,C:\ACorn\jsonPayload\30-01-2019_1252AM\testScenario_for_API__AddFeeLoanAccount_SlabCreate4.json,C:\ACorn\jsonWorkbench\expectedResults\30-01-2019_1252AM\expectedResults_for_API__AddFeeLoanAccount_SlabCreate4.json,C:\ACorn\jsonWorkbench\urlParameters\30-01-2019_1252AM\urlInputFields_for_API__AddFeeLoanAccount_SlabCreate4.json
5,C:\ACorn\jsonPayload\30-01-2019_1252AM\testScenario_for_API__AddFeeLoanAccount_SlabCreate5.json,C:\ACorn\jsonWorkbench\expectedResults\30-01-2019_1252AM\expectedResults_for_API__AddFeeLoanAccount_SlabCreate5.json,C:\ACorn\jsonWorkbench\urlParameters\30-01-2019_1252AM\urlInputFields_for_API__AddFeeLoanAccount_SlabCreate5.json
6,C:\ACorn\jsonPayload\30-01-2019_1252AM\testScenario_for_API__AddFeeLoanAccount_SlabCreate6.json,C:\ACorn\jsonWorkbench\expectedResults\30-01-2019_1252AM\expectedResults_for_API__AddFeeLoanAccount_SlabCreate6.json,C:\ACorn\jsonWorkbench\urlParameters\30-01-2019_1252AM\urlInputFields_for_API__AddFeeLoanAccount_SlabCreate6.json
7,C:\ACorn\jsonPayload\30-01-2019_1252AM\testScenario_for_API__AddFeeLoanAccount_SlabCreate7.json,C:\ACorn\jsonWorkbench\expectedResults\30-01-2019_1252AM\expectedResults_for_API__AddFeeLoanAccount_SlabCreate7.json,C:\ACorn\jsonWorkbench\urlParameters\30-01-2019_1252AM\urlInputFields_for_API__AddFeeLoanAccount_SlabCreate7.json
8,C:\ACorn\jsonPayload\30-01-2019_1252AM\testScenario_for_API__AddFeeLoanAccount_SlabCreate8.json,C:\ACorn\jsonWorkbench\expectedResults\30-01-2019_1252AM\expectedResults_for_API__AddFeeLoanAccount_SlabCreate8.json,C:\ACorn\jsonWorkbench\urlParameters\30-01-2019_1252AM\urlInputFields_for_API__AddFeeLoanAccount_SlabCreate8.json
9,C:\ACorn\jsonPayload\30-01-2019_1252AM\testScenario_for_API__AddFeeLoanAccount_SlabCreate9.json,C:\ACorn\jsonWorkbench\expectedResults\30-01-2019_1252AM\expectedResults_for_API__AddFeeLoanAccount_SlabCreate9.json,C:\ACorn\jsonWorkbench\urlParameters\30-01-2019_1252AM\urlInputFields_for_API__AddFeeLoanAccount_SlabCreate9.json
10,C:\ACorn\jsonPayload\30-01-2019_1252AM\testScenario_for_API__AddFeeLoanAccount_SlabCreate10.json,C:\ACorn\jsonWorkbench\expectedResults\30-01-2019_1252AM\expectedResults_for_API__AddFeeLoanAccount_SlabCreate10.json,C:\ACorn\jsonWorkbench\urlParameters\30-01-2019_1252AM\urlInputFields_for_API__AddFeeLoanAccount_SlabCreate10.json
11,C:\ACorn\jsonPayload\30-01-2019_1252AM\testScenario_for_API__AddFeeLoanAccount_SlabCreate11.json,C:\ACorn\jsonWorkbench\expectedResults\30-01-2019_1252AM\expectedResults_for_API__AddFeeLoanAccount_SlabCreate11.json,C:\ACorn\jsonWorkbench\urlParameters\30-01-2019_1252AM\urlInputFields_for_API__AddFeeLoanAccount_SlabCreate11.json
12,C:\ACorn\jsonPayload\30-01-2019_1252AM\testScenario_for_API__AddFeeLoanAccount_SlabCreate12.json,C:\ACorn\jsonWorkbench\expectedResults\30-01-2019_1252AM\expectedResults_for_API__AddFeeLoanAccount_SlabCreate12.json,C:\ACorn\jsonWorkbench\urlParameters\30-01-2019_1252AM\urlInputFields_for_API__AddFeeLoanAccount_SlabCreate12.json
13,C:\ACorn\jsonPayload\30-01-2019_1252AM\testScenario_for_API__AddFeeLoanAccount_SlabCreate13.json,C:\ACorn\jsonWorkbench\expectedResults\30-01-2019_1252AM\expectedResults_for_API__AddFeeLoanAccount_SlabCreate13.json,C:\ACorn\jsonWorkbench\urlParameters\30-01-2019_1252AM\urlInputFields_for_API__AddFeeLoanAccount_SlabCreate13.json
14,C:\ACorn\jsonPayload\30-01-2019_1252AM\testScenario_for_API__AddFeeLoanAccount_SlabCreate14.json,C:\ACorn\jsonWorkbench\expectedResults\30-01-2019_1252AM\expectedResults_for_API__AddFeeLoanAccount_SlabCreate14.json,C:\ACorn\jsonWorkbench\urlParameters\30-01-2019_1252AM\urlInputFields_for_API__AddFeeLoanAccount_SlabCreate14.json
15,C:\ACorn\jsonPayload\30-01-2019_1252AM\testScenario_for_API__AddFeeLoanAccount_SlabCreate15.json,C:\ACorn\jsonWorkbench\expectedResults\30-01-2019_1252AM\expectedResults_for_API__AddFeeLoanAccount_SlabCreate15.json,C:\ACorn\jsonWorkbench\urlParameters\30-01-2019_1252AM\urlInputFields_for_API__AddFeeLoanAccount_SlabCreate15.json
16,C:\ACorn\jsonPayload\30-01-2019_1252AM\testScenario_for_API__AddFeeLoanAccount_SlabCreate16.json,C:\ACorn\jsonWorkbench\expectedResults\30-01-2019_1252AM\expectedResults_for_API__AddFeeLoanAccount_SlabCreate16.json,C:\ACorn\jsonWorkbench\urlParameters\30-01-2019_1252AM\urlInputFields_for_API__AddFeeLoanAccount_SlabCreate16.json
17,C:\ACorn\jsonPayload\30-01-2019_1252AM\testScenario_for_API__AddFeeLoanAccount_SlabCreate17.json,C:\ACorn\jsonWorkbench\expectedResults\30-01-2019_1252AM\expectedResults_for_API__AddFeeLoanAccount_SlabCreate17.json,C:\ACorn\jsonWorkbench\urlParameters\30-01-2019_1252AM\urlInputFields_for_API__AddFeeLoanAccount_SlabCreate17.json
18,C:\ACorn\jsonPayload\30-01-2019_1252AM\testScenario_for_API__AddFeeLoanAccount_SlabCreate18.json,C:\ACorn\jsonWorkbench\expectedResults\30-01-2019_1252AM\expectedResults_for_API__AddFeeLoanAccount_SlabCreate18.json,C:\ACorn\jsonWorkbench\urlParameters\30-01-2019_1252AM\urlInputFields_for_API__AddFeeLoanAccount_SlabCreate18.json
19,C:\ACorn\jsonPayload\30-01-2019_1252AM\testScenario_for_API__AddFeeLoanAccount_SlabCreate19.json,C:\ACorn\jsonWorkbench\expectedResults\30-01-2019_1252AM\expectedResults_for_API__AddFeeLoanAccount_SlabCreate19.json,C:\ACorn\jsonWorkbench\urlParameters\30-01-2019_1252AM\urlInputFields_for_API__AddFeeLoanAccount_SlabCreate19.json
20,C:\ACorn\jsonPayload\30-01-2019_1252AM\testScenario_for_API__AddFeeLoanAccount_SlabCreate20.json,C:\ACorn\jsonWorkbench\expectedResults\30-01-2019_1252AM\expectedResults_for_API__AddFeeLoanAccount_SlabCreate20.json,C:\ACorn\jsonWorkbench\urlParameters\30-01-2019_1252AM\urlInputFields_for_API__AddFeeLoanAccount_SlabCreate20.json
21,C:\ACorn\jsonPayload\30-01-2019_1252AM\testScenario_for_API__AddFeeLoanAccount_SlabCreate21.json,C:\ACorn\jsonWorkbench\expectedResults\30-01-2019_1252AM\expectedResults_for_API__AddFeeLoanAccount_SlabCreate21.json,C:\ACorn\jsonWorkbench\urlParameters\30-01-2019_1252AM\urlInputFields_for_API__AddFeeLoanAccount_SlabCreate21.json
22,C:\ACorn\jsonPayload\30-01-2019_1252AM\testScenario_for_API__AddFeeLoanAccount_SlabCreate22.json,C:\ACorn\jsonWorkbench\expectedResults\30-01-2019_1252AM\expectedResults_for_API__AddFeeLoanAccount_SlabCreate22.json,C:\ACorn\jsonWorkbench\urlParameters\30-01-2019_1252AM\urlInputFields_for_API__AddFeeLoanAccount_SlabCreate22.json
23,C:\ACorn\jsonPayload\30-01-2019_1252AM\testScenario_for_API__AddFeeLoanAccount_SlabCreate23.json,C:\ACorn\jsonWorkbench\expectedResults\30-01-2019_1252AM\expectedResults_for_API__AddFeeLoanAccount_SlabCreate23.json,C:\ACorn\jsonWorkbench\urlParameters\30-01-2019_1252AM\urlInputFields_for_API__AddFeeLoanAccount_SlabCreate23.json
24,C:\ACorn\jsonPayload\30-01-2019_1252AM\testScenario_for_API__AddFeeLoanAccount_SlabCreate24.json,C:\ACorn\jsonWorkbench\expectedResults\30-01-2019_1252AM\expectedResults_for_API__AddFeeLoanAccount_SlabCreate24.json,C:\ACorn\jsonWorkbench\urlParameters\30-01-2019_1252AM\urlInputFields_for_API__AddFeeLoanAccount_SlabCreate24.json
25,C:\ACorn\jsonPayload\30-01-2019_1252AM\testScenario_for_API__AddFeeLoanAccount_SlabCreate25.json,C:\ACorn\jsonWorkbench\expectedResults\30-01-2019_1252AM\expectedResults_for_API__AddFeeLoanAccount_SlabCreate25.json,C:\ACorn\jsonWorkbench\urlParameters\30-01-2019_1252AM\urlInputFields_for_API__AddFeeLoanAccount_SlabCreate25.json
26,C:\ACorn\jsonPayload\30-01-2019_1252AM\testScenario_for_API__AddFeeLoanAccount_SlabCreate26.json,C:\ACorn\jsonWorkbench\expectedResults\30-01-2019_1252AM\expectedResults_for_API__AddFeeLoanAccount_SlabCreate26.json,C:\ACorn\jsonWorkbench\urlParameters\30-01-2019_1252AM\urlInputFields_for_API__AddFeeLoanAccount_SlabCreate26.json
27,C:\ACorn\jsonPayload\30-01-2019_1252AM\testScenario_for_API__AddFeeLoanAccount_SlabCreate27.json,C:\ACorn\jsonWorkbench\expectedResults\30-01-2019_1252AM\expectedResults_for_API__AddFeeLoanAccount_SlabCreate27.json,C:\ACorn\jsonWorkbench\urlParameters\30-01-2019_1252AM\urlInputFields_for_API__AddFeeLoanAccount_SlabCreate27.json
28,C:\ACorn\jsonPayload\30-01-2019_1252AM\testScenario_for_API__AddFeeLoanAccount_SlabCreate28.json,C:\ACorn\jsonWorkbench\expectedResults\30-01-2019_1252AM\expectedResults_for_API__AddFeeLoanAccount_SlabCreate28.json,C:\ACorn\jsonWorkbench\urlParameters\30-01-2019_1252AM\urlInputFields_for_API__AddFeeLoanAccount_SlabCreate28.json
29,C:\ACorn\jsonPayload\30-01-2019_1252AM\testScenario_for_API__AddFeeLoanAccount_SlabCreate29.json,C:\ACorn\jsonWorkbench\expectedResults\30-01-2019_1252AM\expectedResults_for_API__AddFeeLoanAccount_SlabCreate29.json,C:\ACorn\jsonWorkbench\urlParameters\30-01-2019_1252AM\urlInputFields_for_API__AddFeeLoanAccount_SlabCreate29.json
30,C:\ACorn\jsonPayload\30-01-2019_1252AM\testScenario_for_API__AddFeeLoanAccount_SlabCreate30.json,C:\ACorn\jsonWorkbench\expectedResults\30-01-2019_1252AM\expectedResults_for_API__AddFeeLoanAccount_SlabCreate30.json,C:\ACorn\jsonWorkbench\urlParameters\30-01-2019_1252AM\urlInputFields_for_API__AddFeeLoanAccount_SlabCreate30.json
31,C:\ACorn\jsonPayload\30-01-2019_1252AM\testScenario_for_API__AddFeeLoanAccount_SlabCreate31.json,C:\ACorn\jsonWorkbench\expectedResults\30-01-2019_1252AM\expectedResults_for_API__AddFeeLoanAccount_SlabCreate31.json,C:\ACorn\jsonWorkbench\urlParameters\30-01-2019_1252AM\urlInputFields_for_API__AddFeeLoanAccount_SlabCreate31.json
32,C:\ACorn\jsonPayload\30-01-2019_1252AM\testScenario_for_API__AddFeeLoanAccount_SlabCreate32.json,C:\ACorn\jsonWorkbench\expectedResults\30-01-2019_1252AM\expectedResults_for_API__AddFeeLoanAccount_SlabCreate32.json,C:\ACorn\jsonWorkbench\urlParameters\30-01-2019_1252AM\urlInputFields_for_API__AddFeeLoanAccount_SlabCreate32.json
33,C:\ACorn\jsonPayload\30-01-2019_1252AM\testScenario_for_API__AddFeeLoanAccount_SlabCreate33.json,C:\ACorn\jsonWorkbench\expectedResults\30-01-2019_1252AM\expectedResults_for_API__AddFeeLoanAccount_SlabCreate33.json,C:\ACorn\jsonWorkbench\urlParameters\30-01-2019_1252AM\urlInputFields_for_API__AddFeeLoanAccount_SlabCreate33.json
34,C:\ACorn\jsonPayload\30-01-2019_1252AM\testScenario_for_API__AddFeeLoanAccount_SlabCreate34.json,C:\ACorn\jsonWorkbench\expectedResults\30-01-2019_1252AM\expectedResults_for_API__AddFeeLoanAccount_SlabCreate34.json,C:\ACorn\jsonWorkbench\urlParameters\30-01-2019_1252AM\urlInputFields_for_API__AddFeeLoanAccount_SlabCreate34.json
35,C:\ACorn\jsonPayload\30-01-2019_1252AM\testScenario_for_API__AddFeeLoanAccount_SlabCreate35.json,C:\ACorn\jsonWorkbench\expectedResults\30-01-2019_1252AM\expectedResults_for_API__AddFeeLoanAccount_SlabCreate35.json,C:\ACorn\jsonWorkbench\urlParameters\30-01-2019_1252AM\urlInputFields_for_API__AddFeeLoanAccount_SlabCreate35.json
36,C:\ACorn\jsonPayload\30-01-2019_1252AM\testScenario_for_API__AddFeeLoanAccount_SlabCreate36.json,C:\ACorn\jsonWorkbench\expectedResults\30-01-2019_1252AM\expectedResults_for_API__AddFeeLoanAccount_SlabCreate36.json,C:\ACorn\jsonWorkbench\urlParameters\30-01-2019_1252AM\urlInputFields_for_API__AddFeeLoanAccount_SlabCreate36.json
37,C:\ACorn\jsonPayload\30-01-2019_1252AM\testScenario_for_API__AddFeeLoanAccount_SlabCreate37.json,C:\ACorn\jsonWorkbench\expectedResults\30-01-2019_1252AM\expectedResults_for_API__AddFeeLoanAccount_SlabCreate37.json,C:\ACorn\jsonWorkbench\urlParameters\30-01-2019_1252AM\urlInputFields_for_API__AddFeeLoanAccount_SlabCreate37.json
38,C:\ACorn\jsonPayload\30-01-2019_1252AM\testScenario_for_API__AddFeeLoanAccount_SlabCreate38.json,C:\ACorn\jsonWorkbench\expectedResults\30-01-2019_1252AM\expectedResults_for_API__AddFeeLoanAccount_SlabCreate38.json,C:\ACorn\jsonWorkbench\urlParameters\30-01-2019_1252AM\urlInputFields_for_API__AddFeeLoanAccount_SlabCreate38.json
39,C:\ACorn\jsonPayload\30-01-2019_1252AM\testScenario_for_API__AddFeeLoanAccount_SlabCreate39.json,C:\ACorn\jsonWorkbench\expectedResults\30-01-2019_1252AM\expectedResults_for_API__AddFeeLoanAccount_SlabCreate39.json,C:\ACorn\jsonWorkbench\urlParameters\30-01-2019_1252AM\urlInputFields_for_API__AddFeeLoanAccount_SlabCreate39.json
40,C:\ACorn\jsonPayload\30-01-2019_1252AM\testScenario_for_API__AddFeeLoanAccount_SlabCreate40.json,C:\ACorn\jsonWorkbench\expectedResults\30-01-2019_1252AM\expectedResults_for_API__AddFeeLoanAccount_SlabCreate40.json,C:\ACorn\jsonWorkbench\urlParameters\30-01-2019_1252AM\urlInputFields_for_API__AddFeeLoanAccount_SlabCreate40.json
41,C:\ACorn\jsonPayload\30-01-2019_1252AM\testScenario_for_API__AddFeeLoanAccount_SlabCreate41.json,C:\ACorn\jsonWorkbench\expectedResults\30-01-2019_1252AM\expectedResults_for_API__AddFeeLoanAccount_SlabCreate41.json,C:\ACorn\jsonWorkbench\urlParameters\30-01-2019_1252AM\urlInputFields_for_API__AddFeeLoanAccount_SlabCreate41.json
42,C:\ACorn\jsonPayload\30-01-2019_1252AM\testScenario_for_API__AddFeeLoanAccount_SlabCreate42.json,C:\ACorn\jsonWorkbench\expectedResults\30-01-2019_1252AM\expectedResults_for_API__AddFeeLoanAccount_SlabCreate42.json,C:\ACorn\jsonWorkbench\urlParameters\30-01-2019_1252AM\urlInputFields_for_API__AddFeeLoanAccount_SlabCreate42.json
43,C:\ACorn\jsonPayload\30-01-2019_1252AM\testScenario_for_API__AddFeeLoanAccount_SlabCreate43.json,C:\ACorn\jsonWorkbench\expectedResults\30-01-2019_1252AM\expectedResults_for_API__AddFeeLoanAccount_SlabCreate43.json,C:\ACorn\jsonWorkbench\urlParameters\30-01-2019_1252AM\urlInputFields_for_API__AddFeeLoanAccount_SlabCreate43.json
44,C:\ACorn\jsonPayload\30-01-2019_1252AM\testScenario_for_API__AddFeeLoanAccount_SlabCreate44.json,C:\ACorn\jsonWorkbench\expectedResults\30-01-2019_1252AM\expectedResults_for_API__AddFeeLoanAccount_SlabCreate44.json,C:\ACorn\jsonWorkbench\urlParameters\30-01-2019_1252AM\urlInputFields_for_API__AddFeeLoanAccount_SlabCreate44.json
45,C:\ACorn\jsonPayload\30-01-2019_1252AM\testScenario_for_API__AddFeeLoanAccount_SlabCreate45.json,C:\ACorn\jsonWorkbench\expectedResults\30-01-2019_1252AM\expectedResults_for_API__AddFeeLoanAccount_SlabCreate45.json,C:\ACorn\jsonWorkbench\urlParameters\30-01-2019_1252AM\urlInputFields_for_API__AddFeeLoanAccount_SlabCreate45.json
46,C:\ACorn\jsonPayload\30-01-2019_1252AM\testScenario_for_API__AddFeeLoanAccount_SlabCreate46.json,C:\ACorn\jsonWorkbench\expectedResults\30-01-2019_1252AM\expectedResults_for_API__AddFeeLoanAccount_SlabCreate46.json,C:\ACorn\jsonWorkbench\urlParameters\30-01-2019_1252AM\urlInputFields_for_API__AddFeeLoanAccount_SlabCreate46.json
47,C:\ACorn\jsonPayload\30-01-2019_1252AM\testScenario_for_API__AddFeeLoanAccount_SlabCreate47.json,C:\ACorn\jsonWorkbench\expectedResults\30-01-2019_1252AM\expectedResults_for_API__AddFeeLoanAccount_SlabCreate47.json,C:\ACorn\jsonWorkbench\urlParameters\30-01-2019_1252AM\urlInputFields_for_API__AddFeeLoanAccount_SlabCreate47.json
48,C:\ACorn\jsonPayload\30-01-2019_1252AM\testScenario_for_API__AddFeeLoanAccount_SlabCreate48.json,C:\ACorn\jsonWorkbench\expectedResults\30-01-2019_1252AM\expectedResults_for_API__AddFeeLoanAccount_SlabCreate48.json,C:\ACorn\jsonWorkbench\urlParameters\30-01-2019_1252AM\urlInputFields_for_API__AddFeeLoanAccount_SlabCreate48.json
49,C:\ACorn\jsonPayload\30-01-2019_1252AM\testScenario_for_API__AddFeeLoanAccount_SlabCreate49.json,C:\ACorn\jsonWorkbench\expectedResults\30-01-2019_1252AM\expectedResults_for_API__AddFeeLoanAccount_SlabCreate49.json,C:\ACorn\jsonWorkbench\urlParameters\30-01-2019_1252AM\urlInputFields_for_API__AddFeeLoanAccount_SlabCreate49.json
50,C:\ACorn\jsonPayload\30-01-2019_1252AM\testScenario_for_API__AddFeeLoanAccount_SlabCreate50.json,C:\ACorn\jsonWorkbench\expectedResults\30-01-2019_1252AM\expectedResults_for_API__AddFeeLoanAccount_SlabCreate50.json,C:\ACorn\jsonWorkbench\urlParameters\30-01-2019_1252AM\urlInputFields_for_API__AddFeeLoanAccount_SlabCreate50.json
51,C:\ACorn\jsonPayload\30-01-2019_1252AM\testScenario_for_API__AddFeeLoanAccount_SlabCreate51.json,C:\ACorn\jsonWorkbench\expectedResults\30-01-2019_1252AM\expectedResults_for_API__AddFeeLoanAccount_SlabCreate51.json,C:\ACorn\jsonWorkbench\urlParameters\30-01-2019_1252AM\urlInputFields_for_API__AddFeeLoanAccount_SlabCreate51.json
52,C:\ACorn\jsonPayload\30-01-2019_1252AM\testScenario_for_API__AddFeeLoanAccount_SlabCreate52.json,C:\ACorn\jsonWorkbench\expectedResults\30-01-2019_1252AM\expectedResults_for_API__AddFeeLoanAccount_SlabCreate52.json,C:\ACorn\jsonWorkbench\urlParameters\30-01-2019_1252AM\urlInputFields_for_API__AddFeeLoanAccount_SlabCreate52.json
53,C:\ACorn\jsonPayload\30-01-2019_1252AM\testScenario_for_API__AddFeeLoanAccount_SlabCreate53.json,C:\ACorn\jsonWorkbench\expectedResults\30-01-2019_1252AM\expectedResults_for_API__AddFeeLoanAccount_SlabCreate53.json,C:\ACorn\jsonWorkbench\urlParameters\30-01-2019_1252AM\urlInputFields_for_API__AddFeeLoanAccount_SlabCreate53.json
54,C:\ACorn\jsonPayload\30-01-2019_1252AM\testScenario_for_API__AddFeeLoanAccount_SlabCreate54.json,C:\ACorn\jsonWorkbench\expectedResults\30-01-2019_1252AM\expectedResults_for_API__AddFeeLoanAccount_SlabCreate54.json,C:\ACorn\jsonWorkbench\urlParameters\30-01-2019_1252AM\urlInputFields_for_API__AddFeeLoanAccount_SlabCreate54.json
55,C:\ACorn\jsonPayload\30-01-2019_1252AM\testScenario_for_API__AddFeeLoanAccount_SlabCreate55.json,C:\ACorn\jsonWorkbench\expectedResults\30-01-2019_1252AM\expectedResults_for_API__AddFeeLoanAccount_SlabCreate55.json,C:\ACorn\jsonWorkbench\urlParameters\30-01-2019_1252AM\urlInputFields_for_API__AddFeeLoanAccount_SlabCreate55.json
56,C:\ACorn\jsonPayload\30-01-2019_1252AM\testScenario_for_API__AddFeeLoanAccount_SlabCreate56.json,C:\ACorn\jsonWorkbench\expectedResults\30-01-2019_1252AM\expectedResults_for_API__AddFeeLoanAccount_SlabCreate56.json,C:\ACorn\jsonWorkbench\urlParameters\30-01-2019_1252AM\urlInputFields_for_API__AddFeeLoanAccount_SlabCreate56.json
57,C:\ACorn\jsonPayload\30-01-2019_1252AM\testScenario_for_API__AddFeeLoanAccount_SlabCreate57.json,C:\ACorn\jsonWorkbench\expectedResults\30-01-2019_1252AM\expectedResults_for_API__AddFeeLoanAccount_SlabCreate57.json,C:\ACorn\jsonWorkbench\urlParameters\30-01-2019_1252AM\urlInputFields_for_API__AddFeeLoanAccount_SlabCreate57.json
58,C:\ACorn\jsonPayload\30-01-2019_1252AM\testScenario_for_API__AddFeeLoanAccount_SlabCreate58.json,C:\ACorn\jsonWorkbench\expectedResults\30-01-2019_1252AM\expectedResults_for_API__AddFeeLoanAccount_SlabCreate58.json,C:\ACorn\jsonWorkbench\urlParameters\30-01-2019_1252AM\urlInputFields_for_API__AddFeeLoanAccount_SlabCreate58.json
59,C:\ACorn\jsonPayload\30-01-2019_1252AM\testScenario_for_API__AddFeeLoanAccount_SlabCreate59.json,C:\ACorn\jsonWorkbench\expectedResults\30-01-2019_1252AM\expectedResults_for_API__AddFeeLoanAccount_SlabCreate59.json,C:\ACorn\jsonWorkbench\urlParameters\30-01-2019_1252AM\urlInputFields_for_API__AddFeeLoanAccount_SlabCreate59.json
60,C:\ACorn\jsonPayload\30-01-2019_1252AM\testScenario_for_API__AddFeeLoanAccount_SlabCreate60.json,C:\ACorn\jsonWorkbench\expectedResults\30-01-2019_1252AM\expectedResults_for_API__AddFeeLoanAccount_SlabCreate60.json,C:\ACorn\jsonWorkbench\urlParameters\30-01-2019_1252AM\urlInputFields_for_API__AddFeeLoanAccount_SlabCreate60.json
61,C:\ACorn\jsonPayload\30-01-2019_1252AM\testScenario_for_API__AddFeeLoanAccount_SlabCreate61.json,C:\ACorn\jsonWorkbench\expectedResults\30-01-2019_1252AM\expectedResults_for_API__AddFeeLoanAccount_SlabCreate61.json,C:\ACorn\jsonWorkbench\urlParameters\30-01-2019_1252AM\urlInputFields_for_API__AddFeeLoanAccount_SlabCreate61.json
62,C:\ACorn\jsonPayload\30-01-2019_1252AM\testScenario_for_API__AddFeeLoanAccount_SlabCreate62.json,C:\ACorn\jsonWorkbench\expectedResults\30-01-2019_1252AM\expectedResults_for_API__AddFeeLoanAccount_SlabCreate62.json,C:\ACorn\jsonWorkbench\urlParameters\30-01-2019_1252AM\urlInputFields_for_API__AddFeeLoanAccount_SlabCreate62.json
63,C:\ACorn\jsonPayload\30-01-2019_1252AM\testScenario_for_API__AddFeeLoanAccount_SlabCreate63.json,C:\ACorn\jsonWorkbench\expectedResults\30-01-2019_1252AM\expectedResults_for_API__AddFeeLoanAccount_SlabCreate63.json,C:\ACorn\jsonWorkbench\urlParameters\30-01-2019_1252AM\urlInputFields_for_API__AddFeeLoanAccount_SlabCreate63.json
64,C:\ACorn\jsonPayload\30-01-2019_1252AM\testScenario_for_API__AddFeeLoanAccount_SlabCreate64.json,C:\ACorn\jsonWorkbench\expectedResults\30-01-2019_1252AM\expectedResults_for_API__AddFeeLoanAccount_SlabCreate64.json,C:\ACorn\jsonWorkbench\urlParameters\30-01-2019_1252AM\urlInputFields_for_API__AddFeeLoanAccount_SlabCreate64.json
65,C:\ACorn\jsonPayload\30-01-2019_1252AM\testScenario_for_API__AddFeeLoanAccount_SlabCreate65.json,C:\ACorn\jsonWorkbench\expectedResults\30-01-2019_1252AM\expectedResults_for_API__AddFeeLoanAccount_SlabCreate65.json,C:\ACorn\jsonWorkbench\urlParameters\30-01-2019_1252AM\urlInputFields_for_API__AddFeeLoanAccount_SlabCreate65.json
66,C:\ACorn\jsonPayload\30-01-2019_1252AM\testScenario_for_API__AddFeeLoanAccount_SlabCreate66.json,C:\ACorn\jsonWorkbench\expectedResults\30-01-2019_1252AM\expectedResults_for_API__AddFeeLoanAccount_SlabCreate66.json,C:\ACorn\jsonWorkbench\urlParameters\30-01-2019_1252AM\urlInputFields_for_API__AddFeeLoanAccount_SlabCreate66.json
67,C:\ACorn\jsonPayload\30-01-2019_1252AM\testScenario_for_API__AddFeeLoanAccount_SlabCreate67.json,C:\ACorn\jsonWorkbench\expectedResults\30-01-2019_1252AM\expectedResults_for_API__AddFeeLoanAccount_SlabCreate67.json,C:\ACorn\jsonWorkbench\urlParameters\30-01-2019_1252AM\urlInputFields_for_API__AddFeeLoanAccount_SlabCreate67.json
68,C:\ACorn\jsonPayload\30-01-2019_1252AM\testScenario_for_API__AddFeeLoanAccount_SlabCreate68.json,C:\ACorn\jsonWorkbench\expectedResults\30-01-2019_1252AM\expectedResults_for_API__AddFeeLoanAccount_SlabCreate68.json,C:\ACorn\jsonWorkbench\urlParameters\30-01-2019_1252AM\urlInputFields_for_API__AddFeeLoanAccount_SlabCreate68.json
69,C:\ACorn\jsonPayload\30-01-2019_1252AM\testScenario_for_API__AddFeeLoanAccount_SlabCreate69.json,C:\ACorn\jsonWorkbench\expectedResults\30-01-2019_1252AM\expectedResults_for_API__AddFeeLoanAccount_SlabCreate69.json,C:\ACorn\jsonWorkbench\urlParameters\30-01-2019_1252AM\urlInputFields_for_API__AddFeeLoanAccount_SlabCreate69.json
70,C:\ACorn\jsonPayload\30-01-2019_1252AM\testScenario_for_API__AddFeeLoanAccount_SlabCreate70.json,C:\ACorn\jsonWorkbench\expectedResults\30-01-2019_1252AM\expectedResults_for_API__AddFeeLoanAccount_SlabCreate70.json,C:\ACorn\jsonWorkbench\urlParameters\30-01-2019_1252AM\urlInputFields_for_API__AddFeeLoanAccount_SlabCreate70.json
71,C:\ACorn\jsonPayload\30-01-2019_1252AM\testScenario_for_API__AddFeeLoanAccount_SlabCreate71.json,C:\ACorn\jsonWorkbench\expectedResults\30-01-2019_1252AM\expectedResults_for_API__AddFeeLoanAccount_SlabCreate71.json,C:\ACorn\jsonWorkbench\urlParameters\30-01-2019_1252AM\urlInputFields_for_API__AddFeeLoanAccount_SlabCreate71.json
72,C:\ACorn\jsonPayload\30-01-2019_1252AM\testScenario_for_API__AddFeeLoanAccount_SlabCreate72.json,C:\ACorn\jsonWorkbench\expectedResults\30-01-2019_1252AM\expectedResults_for_API__AddFeeLoanAccount_SlabCreate72.json,C:\ACorn\jsonWorkbench\urlParameters\30-01-2019_1252AM\urlInputFields_for_API__AddFeeLoanAccount_SlabCreate72.json
73,C:\ACorn\jsonPayload\30-01-2019_1252AM\testScenario_for_API__AddFeeLoanAccount_SlabCreate73.json,C:\ACorn\jsonWorkbench\expectedResults\30-01-2019_1252AM\expectedResults_for_API__AddFeeLoanAccount_SlabCreate73.json,C:\ACorn\jsonWorkbench\urlParameters\30-01-2019_1252AM\urlInputFields_for_API__AddFeeLoanAccount_SlabCreate73.json
74,C:\ACorn\jsonPayload\30-01-2019_1252AM\testScenario_for_API__AddFeeLoanAccount_SlabCreate74.json,C:\ACorn\jsonWorkbench\expectedResults\30-01-2019_1252AM\expectedResults_for_API__AddFeeLoanAccount_SlabCreate74.json,C:\ACorn\jsonWorkbench\urlParameters\30-01-2019_1252AM\urlInputFields_for_API__AddFeeLoanAccount_SlabCreate74.json
75,C:\ACorn\jsonPayload\30-01-2019_1252AM\testScenario_for_API__AddFeeLoanAccount_SlabCreate75.json,C:\ACorn\jsonWorkbench\expectedResults\30-01-2019_1252AM\expectedResults_for_API__AddFeeLoanAccount_SlabCreate75.json,C:\ACorn\jsonWorkbench\urlParameters\30-01-2019_1252AM\urlInputFields_for_API__AddFeeLoanAccount_SlabCreate75.json
76,C:\ACorn\jsonPayload\30-01-2019_1252AM\testScenario_for_API__AddFeeLoanAccount_SlabCreate76.json,C:\ACorn\jsonWorkbench\expectedResults\30-01-2019_1252AM\expectedResults_for_API__AddFeeLoanAccount_SlabCreate76.json,C:\ACorn\jsonWorkbench\urlParameters\30-01-2019_1252AM\urlInputFields_for_API__AddFeeLoanAccount_SlabCreate76.json
77,C:\ACorn\jsonPayload\30-01-2019_1252AM\testScenario_for_API__AddFeeLoanAccount_SlabCreate77.json,C:\ACorn\jsonWorkbench\expectedResults\30-01-2019_1252AM\expectedResults_for_API__AddFeeLoanAccount_SlabCreate77.json,C:\ACorn\jsonWorkbench\urlParameters\30-01-2019_1252AM\urlInputFields_for_API__AddFeeLoanAccount_SlabCreate77.json
78,C:\ACorn\jsonPayload\30-01-2019_1252AM\testScenario_for_API__AddFeeLoanAccount_SlabCreate78.json,C:\ACorn\jsonWorkbench\expectedResults\30-01-2019_1252AM\expectedResults_for_API__AddFeeLoanAccount_SlabCreate78.json,C:\ACorn\jsonWorkbench\urlParameters\30-01-2019_1252AM\urlInputFields_for_API__AddFeeLoanAccount_SlabCreate78.json
79,C:\ACorn\jsonPayload\30-01-2019_1252AM\testScenario_for_API__AddFeeLoanAccount_SlabCreate79.json,C:\ACorn\jsonWorkbench\expectedResults\30-01-2019_1252AM\expectedResults_for_API__AddFeeLoanAccount_SlabCreate79.json,C:\ACorn\jsonWorkbench\urlParameters\30-01-2019_1252AM\urlInputFields_for_API__AddFeeLoanAccount_SlabCreate79.json
80,C:\ACorn\jsonPayload\30-01-2019_1252AM\testScenario_for_API__AddFeeLoanAccount_SlabCreate80.json,C:\ACorn\jsonWorkbench\expectedResults\30-01-2019_1252AM\expectedResults_for_API__AddFeeLoanAccount_SlabCreate80.json,C:\ACorn\jsonWorkbench\urlParameters\30-01-2019_1252AM\urlInputFields_for_API__AddFeeLoanAccount_SlabCreate80.json
81,C:\ACorn\jsonPayload\30-01-2019_1252AM\testScenario_for_API__AddFeeLoanAccount_SlabCreate81.json,C:\ACorn\jsonWorkbench\expectedResults\30-01-2019_1252AM\expectedResults_for_API__AddFeeLoanAccount_SlabCreate81.json,C:\ACorn\jsonWorkbench\urlParameters\30-01-2019_1252AM\urlInputFields_for_API__AddFeeLoanAccount_SlabCreate81.json
82,C:\ACorn\jsonPayload\30-01-2019_1252AM\testScenario_for_API__AddFeeLoanAccount_SlabCreate82.json,C:\ACorn\jsonWorkbench\expectedResults\30-01-2019_1252AM\expectedResults_for_API__AddFeeLoanAccount_SlabCreate82.json,C:\ACorn\jsonWorkbench\urlParameters\30-01-2019_1252AM\urlInputFields_for_API__AddFeeLoanAccount_SlabCreate82.json
83,C:\ACorn\jsonPayload\30-01-2019_1252AM\testScenario_for_API__AddFeeLoanAccount_SlabCreate83.json,C:\ACorn\jsonWorkbench\expectedResults\30-01-2019_1252AM\expectedResults_for_API__AddFeeLoanAccount_SlabCreate83.json,C:\ACorn\jsonWorkbench\urlParameters\30-01-2019_1252AM\urlInputFields_for_API__AddFeeLoanAccount_SlabCreate83.json
84,C:\ACorn\jsonPayload\30-01-2019_1252AM\testScenario_for_API__AddFeeLoanAccount_SlabCreate84.json,C:\ACorn\jsonWorkbench\expectedResults\30-01-2019_1252AM\expectedResults_for_API__AddFeeLoanAccount_SlabCreate84.json,C:\ACorn\jsonWorkbench\urlParameters\30-01-2019_1252AM\urlInputFields_for_API__AddFeeLoanAccount_SlabCreate84.json
85,C:\ACorn\jsonPayload\30-01-2019_1252AM\testScenario_for_API__AddFeeLoanAccount_SlabCreate85.json,C:\ACorn\jsonWorkbench\expectedResults\30-01-2019_1252AM\expectedResults_for_API__AddFeeLoanAccount_SlabCreate85.json,C:\ACorn\jsonWorkbench\urlParameters\30-01-2019_1252AM\urlInputFields_for_API__AddFeeLoanAccount_SlabCreate85.json
86,C:\ACorn\jsonPayload\30-01-2019_1252AM\testScenario_for_API__AddFeeLoanAccount_SlabCreate86.json,C:\ACorn\jsonWorkbench\expectedResults\30-01-2019_1252AM\expectedResults_for_API__AddFeeLoanAccount_SlabCreate86.json,C:\ACorn\jsonWorkbench\urlParameters\30-01-2019_1252AM\urlInputFields_for_API__AddFeeLoanAccount_SlabCreate86.json
87,C:\ACorn\jsonPayload\30-01-2019_1252AM\testScenario_for_API__AddFeeLoanAccount_SlabCreate87.json,C:\ACorn\jsonWorkbench\expectedResults\30-01-2019_1252AM\expectedResults_for_API__AddFeeLoanAccount_SlabCreate87.json,C:\ACorn\jsonWorkbench\urlParameters\30-01-2019_1252AM\urlInputFields_for_API__AddFeeLoanAccount_SlabCreate87.json
88,C:\ACorn\jsonPayload\30-01-2019_1252AM\testScenario_for_API__AddFeeLoanAccount_SlabCreate88.json,C:\ACorn\jsonWorkbench\expectedResults\30-01-2019_1252AM\expectedResults_for_API__AddFeeLoanAccount_SlabCreate88.json,C:\ACorn\jsonWorkbench\urlParameters\30-01-2019_1252AM\urlInputFields_for_API__AddFeeLoanAccount_SlabCreate88.json
89,C:\ACorn\jsonPayload\30-01-2019_1252AM\testScenario_for_API__AddFeeLoanAccount_SlabCreate89.json,C:\ACorn\jsonWorkbench\expectedResults\30-01-2019_1252AM\expectedResults_for_API__AddFeeLoanAccount_SlabCreate89.json,C:\ACorn\jsonWorkbench\urlParameters\30-01-2019_1252AM\urlInputFields_for_API__AddFeeLoanAccount_SlabCreate89.json
90,C:\ACorn\jsonPayload\30-01-2019_1252AM\testScenario_for_API__AddFeeLoanAccount_SlabCreate90.json,C:\ACorn\jsonWorkbench\expectedResults\30-01-2019_1252AM\expectedResults_for_API__AddFeeLoanAccount_SlabCreate90.json,C:\ACorn\jsonWorkbench\urlParameters\30-01-2019_1252AM\urlInputFields_for_API__AddFeeLoanAccount_SlabCreate90.json
91,C:\ACorn\jsonPayload\30-01-2019_1252AM\testScenario_for_API__AddFeeLoanAccount_SlabCreate91.json,C:\ACorn\jsonWorkbench\expectedResults\30-01-2019_1252AM\expectedResults_for_API__AddFeeLoanAccount_SlabCreate91.json,C:\ACorn\jsonWorkbench\urlParameters\30-01-2019_1252AM\urlInputFields_for_API__AddFeeLoanAccount_SlabCreate91.json
92,C:\ACorn\jsonPayload\30-01-2019_1252AM\testScenario_for_API__AddFeeLoanAccount_SlabCreate92.json,C:\ACorn\jsonWorkbench\expectedResults\30-01-2019_1252AM\expectedResults_for_API__AddFeeLoanAccount_SlabCreate92.json,C:\ACorn\jsonWorkbench\urlParameters\30-01-2019_1252AM\urlInputFields_for_API__AddFeeLoanAccount_SlabCreate92.json
93,C:\ACorn\jsonPayload\30-01-2019_1252AM\testScenario_for_API__AddFeeLoanAccount_SlabCreate93.json,C:\ACorn\jsonWorkbench\expectedResults\30-01-2019_1252AM\expectedResults_for_API__AddFeeLoanAccount_SlabCreate93.json,C:\ACorn\jsonWorkbench\urlParameters\30-01-2019_1252AM\urlInputFields_for_API__AddFeeLoanAccount_SlabCreate93.json
94,C:\ACorn\jsonPayload\30-01-2019_1252AM\testScenario_for_API__AddFeeLoanAccount_SlabCreate94.json,C:\ACorn\jsonWorkbench\expectedResults\30-01-2019_1252AM\expectedResults_for_API__AddFeeLoanAccount_SlabCreate94.json,C:\ACorn\jsonWorkbench\urlParameters\30-01-2019_1252AM\urlInputFields_for_API__AddFeeLoanAccount_SlabCreate94.json
95,C:\ACorn\jsonPayload\30-01-2019_1252AM\testScenario_for_API__AddFeeLoanAccount_SlabCreate95.json,C:\ACorn\jsonWorkbench\expectedResults\30-01-2019_1252AM\expectedResults_for_API__AddFeeLoanAccount_SlabCreate95.json,C:\ACorn\jsonWorkbench\urlParameters\30-01-2019_1252AM\urlInputFields_for_API__AddFeeLoanAccount_SlabCreate95.json
96,C:\ACorn\jsonPayload\30-01-2019_1252AM\testScenario_for_API__AddFeeLoanAccount_SlabCreate96.json,C:\ACorn\jsonWorkbench\expectedResults\30-01-2019_1252AM\expectedResults_for_API__AddFeeLoanAccount_SlabCreate96.json,C:\ACorn\jsonWorkbench\urlParameters\30-01-2019_1252AM\urlInputFields_for_API__AddFeeLoanAccount_SlabCreate96.json
97,C:\ACorn\jsonPayload\30-01-2019_1252AM\testScenario_for_API__AddFeeLoanAccount_SlabCreate97.json,C:\ACorn\jsonWorkbench\expectedResults\30-01-2019_1252AM\expectedResults_for_API__AddFeeLoanAccount_SlabCreate97.json,C:\ACorn\jsonWorkbench\urlParameters\30-01-2019_1252AM\urlInputFields_for_API__AddFeeLoanAccount_SlabCreate97.json
98,C:\ACorn\jsonPayload\30-01-2019_1252AM\testScenario_for_API__AddFeeLoanAccount_SlabCreate98.json,C:\ACorn\jsonWorkbench\expectedResults\30-01-2019_1252AM\expectedResults_for_API__AddFeeLoanAccount_SlabCreate98.json,C:\ACorn\jsonWorkbench\urlParameters\30-01-2019_1252AM\urlInputFields_for_API__AddFeeLoanAccount_SlabCreate98.json
99,C:\ACorn\jsonPayload\30-01-2019_1252AM\testScenario_for_API__AddFeeLoanAccount_SlabCreate99.json,C:\ACorn\jsonWorkbench\expectedResults\30-01-2019_1252AM\expectedResults_for_API__AddFeeLoanAccount_SlabCreate99.json,C:\ACorn\jsonWorkbench\urlParameters\30-01-2019_1252AM\urlInputFields_for_API__AddFeeLoanAccount_SlabCreate99.json
100,C:\ACorn\jsonPayload\30-01-2019_1252AM\testScenario_for_API__AddFeeLoanAccount_SlabCreate100.json,C:\ACorn\jsonWorkbench\expectedResults\30-01-2019_1252AM\expectedResults_for_API__AddFeeLoanAccount_SlabCreate100.json,C:\ACorn\jsonWorkbench\urlParameters\30-01-2019_1252AM\urlInputFields_for_API__AddFeeLoanAccount_SlabCreate100.json
101,C:\ACorn\jsonPayload\30-01-2019_1252AM\testScenario_for_API__AddFeeLoanAccount_SlabCreate101.json,C:\ACorn\jsonWorkbench\expectedResults\30-01-2019_1252AM\expectedResults_for_API__AddFeeLoanAccount_SlabCreate101.json,C:\ACorn\jsonWorkbench\urlParameters\30-01-2019_1252AM\urlInputFields_for_API__AddFeeLoanAccount_SlabCreate101.json
102,C:\ACorn\jsonPayload\30-01-2019_1252AM\testScenario_for_API__AddFeeLoanAccount_SlabCreate102.json,C:\ACorn\jsonWorkbench\expectedResults\30-01-2019_1252AM\expectedResults_for_API__AddFeeLoanAccount_SlabCreate102.json,C:\ACorn\jsonWorkbench\urlParameters\30-01-2019_1252AM\urlInputFields_for_API__AddFeeLoanAccount_SlabCreate102.json
103,C:\ACorn\jsonPayload\30-01-2019_1252AM\testScenario_for_API__AddFeeLoanAccount_SlabCreate103.json,C:\ACorn\jsonWorkbench\expectedResults\30-01-2019_1252AM\expectedResults_for_API__AddFeeLoanAccount_SlabCreate103.json,C:\ACorn\jsonWorkbench\urlParameters\30-01-2019_1252AM\urlInputFields_for_API__AddFeeLoanAccount_SlabCreate103.json
104,C:\ACorn\jsonPayload\30-01-2019_1252AM\testScenario_for_API__AddFeeLoanAccount_SlabCreate104.json,C:\ACorn\jsonWorkbench\expectedResults\30-01-2019_1252AM\expectedResults_for_API__AddFeeLoanAccount_SlabCreate104.json,C:\ACorn\jsonWorkbench\urlParameters\30-01-2019_1252AM\urlInputFields_for_API__AddFeeLoanAccount_SlabCreate104.json
105,C:\ACorn\jsonPayload\30-01-2019_1252AM\testScenario_for_API__AddFeeLoanAccount_SlabCreate105.json,C:\ACorn\jsonWorkbench\expectedResults\30-01-2019_1252AM\expectedResults_for_API__AddFeeLoanAccount_SlabCreate105.json,C:\ACorn\jsonWorkbench\urlParameters\30-01-2019_1252AM\urlInputFields_for_API__AddFeeLoanAccount_SlabCreate105.json
106,C:\ACorn\jsonPayload\30-01-2019_1252AM\testScenario_for_API__AddFeeLoanAccount_SlabCreate106.json,C:\ACorn\jsonWorkbench\expectedResults\30-01-2019_1252AM\expectedResults_for_API__AddFeeLoanAccount_SlabCreate106.json,C:\ACorn\jsonWorkbench\urlParameters\30-01-2019_1252AM\urlInputFields_for_API__AddFeeLoanAccount_SlabCreate106.json
107,C:\ACorn\jsonPayload\30-01-2019_1252AM\testScenario_for_API__AddFeeLoanAccount_SlabCreate107.json,C:\ACorn\jsonWorkbench\expectedResults\30-01-2019_1252AM\expectedResults_for_API__AddFeeLoanAccount_SlabCreate107.json,C:\ACorn\jsonWorkbench\urlParameters\30-01-2019_1252AM\urlInputFields_for_API__AddFeeLoanAccount_SlabCreate107.json
108,C:\ACorn\jsonPayload\30-01-2019_1252AM\testScenario_for_API__AddFeeLoanAccount_SlabCreate108.json,C:\ACorn\jsonWorkbench\expectedResults\30-01-2019_1252AM\expectedResults_for_API__AddFeeLoanAccount_SlabCreate108.json,C:\ACorn\jsonWorkbench\urlParameters\30-01-2019_1252AM\urlInputFields_for_API__AddFeeLoanAccount_SlabCreate108.json
109,C:\ACorn\jsonPayload\30-01-2019_1252AM\testScenario_for_API__AddFeeLoanAccount_SlabCreate109.json,C:\ACorn\jsonWorkbench\expectedResults\30-01-2019_1252AM\expectedResults_for_API__AddFeeLoanAccount_SlabCreate109.json,C:\ACorn\jsonWorkbench\urlParameters\30-01-2019_1252AM\urlInputFields_for_API__AddFeeLoanAccount_SlabCreate109.json
110,C:\ACorn\jsonPayload\30-01-2019_1252AM\testScenario_for_API__AddFeeLoanAccount_SlabCreate110.json,C:\ACorn\jsonWorkbench\expectedResults\30-01-2019_1252AM\expectedResults_for_API__AddFeeLoanAccount_SlabCreate110.json,C:\ACorn\jsonWorkbench\urlParameters\30-01-2019_1252AM\urlInputFields_for_API__AddFeeLoanAccount_SlabCreate110.json
111,C:\ACorn\jsonPayload\30-01-2019_1252AM\testScenario_for_API__AddFeeLoanAccount_SlabCreate111.json,C:\ACorn\jsonWorkbench\expectedResults\30-01-2019_1252AM\expectedResults_for_API__AddFeeLoanAccount_SlabCreate111.json,C:\ACorn\jsonWorkbench\urlParameters\30-01-2019_1252AM\urlInputFields_for_API__AddFeeLoanAccount_SlabCreate111.json
112,C:\ACorn\jsonPayload\30-01-2019_1252AM\testScenario_for_API__AddFeeLoanAccount_SlabCreate112.json,C:\ACorn\jsonWorkbench\expectedResults\30-01-2019_1252AM\expectedResults_for_API__AddFeeLoanAccount_SlabCreate112.json,C:\ACorn\jsonWorkbench\urlParameters\30-01-2019_1252AM\urlInputFields_for_API__AddFeeLoanAccount_SlabCreate112.json
113,C:\ACorn\jsonPayload\30-01-2019_1252AM\testScenario_for_API__AddFeeLoanAccount_SlabCreate113.json,C:\ACorn\jsonWorkbench\expectedResults\30-01-2019_1252AM\expectedResults_for_API__AddFeeLoanAccount_SlabCreate113.json,C:\ACorn\jsonWorkbench\urlParameters\30-01-2019_1252AM\urlInputFields_for_API__AddFeeLoanAccount_SlabCreate113.json
114,C:\ACorn\jsonPayload\30-01-2019_1252AM\testScenario_for_API__AddFeeLoanAccount_SlabCreate114.json,C:\ACorn\jsonWorkbench\expectedResults\30-01-2019_1252AM\expectedResults_for_API__AddFeeLoanAccount_SlabCreate114.json,C:\ACorn\jsonWorkbench\urlParameters\30-01-2019_1252AM\urlInputFields_for_API__AddFeeLoanAccount_SlabCreate114.json
115,C:\ACorn\jsonPayload\30-01-2019_1252AM\testScenario_for_API__AddFeeLoanAccount_SlabCreate115.json,C:\ACorn\jsonWorkbench\expectedResults\30-01-2019_1252AM\expectedResults_for_API__AddFeeLoanAccount_SlabCreate115.json,C:\ACorn\jsonWorkbench\urlParameters\30-01-2019_1252AM\urlInputFields_for_API__AddFeeLoanAccount_SlabCreate115.json
116,C:\ACorn\jsonPayload\30-01-2019_1252AM\testScenario_for_API__AddFeeLoanAccount_SlabCreate116.json,C:\ACorn\jsonWorkbench\expectedResults\30-01-2019_1252AM\expectedResults_for_API__AddFeeLoanAccount_SlabCreate116.json,C:\ACorn\jsonWorkbench\urlParameters\30-01-2019_1252AM\urlInputFields_for_API__AddFeeLoanAccount_SlabCreate116.json
117,C:\ACorn\jsonPayload\30-01-2019_1252AM\testScenario_for_API__AddFeeLoanAccount_SlabCreate117.json,C:\ACorn\jsonWorkbench\expectedResults\30-01-2019_1252AM\expectedResults_for_API__AddFeeLoanAccount_SlabCreate117.json,C:\ACorn\jsonWorkbench\urlParameters\30-01-2019_1252AM\urlInputFields_for_API__AddFeeLoanAccount_SlabCreate117.json
118,C:\ACorn\jsonPayload\30-01-2019_1252AM\testScenario_for_API__AddFeeLoanAccount_SlabCreate118.json,C:\ACorn\jsonWorkbench\expectedResults\30-01-2019_1252AM\expectedResults_for_API__AddFeeLoanAccount_SlabCreate118.json,C:\ACorn\jsonWorkbench\urlParameters\30-01-2019_1252AM\urlInputFields_for_API__AddFeeLoanAccount_SlabCreate118.json
119,C:\ACorn\jsonPayload\30-01-2019_1252AM\testScenario_for_API__AddFeeLoanAccount_SlabCreate119.json,C:\ACorn\jsonWorkbench\expectedResults\30-01-2019_1252AM\expectedResults_for_API__AddFeeLoanAccount_SlabCreate119.json,C:\ACorn\jsonWorkbench\urlParameters\30-01-2019_1252AM\urlInputFields_for_API__AddFeeLoanAccount_SlabCreate119.json
120,C:\ACorn\jsonPayload\30-01-2019_1252AM\testScenario_for_API__AddFeeLoanAccount_SlabCreate120.json,C:\ACorn\jsonWorkbench\expectedResults\30-01-2019_1252AM\expectedResults_for_API__AddFeeLoanAccount_SlabCreate120.json,C:\ACorn\jsonWorkbench\urlParameters\30-01-2019_1252AM\urlInputFields_for_API__AddFeeLoanAccount_SlabCreate120.json
121,C:\ACorn\jsonPayload\30-01-2019_1252AM\testScenario_for_API__AddFeeLoanAccount_SlabCreate121.json,C:\ACorn\jsonWorkbench\expectedResults\30-01-2019_1252AM\expectedResults_for_API__AddFeeLoanAccount_SlabCreate121.json,C:\ACorn\jsonWorkbench\urlParameters\30-01-2019_1252AM\urlInputFields_for_API__AddFeeLoanAccount_SlabCreate121.json
122,C:\ACorn\jsonPayload\30-01-2019_1252AM\testScenario_for_API__AddFeeLoanAccount_SlabCreate122.json,C:\ACorn\jsonWorkbench\expectedResults\30-01-2019_1252AM\expectedResults_for_API__AddFeeLoanAccount_SlabCreate122.json,C:\ACorn\jsonWorkbench\urlParameters\30-01-2019_1252AM\urlInputFields_for_API__AddFeeLoanAccount_SlabCreate122.json
123,C:\ACorn\jsonPayload\30-01-2019_1252AM\testScenario_for_API__AddFeeLoanAccount_SlabCreate123.json,C:\ACorn\jsonWorkbench\expectedResults\30-01-2019_1252AM\expectedResults_for_API__AddFeeLoanAccount_SlabCreate123.json,C:\ACorn\jsonWorkbench\urlParameters\30-01-2019_1252AM\urlInputFields_for_API__AddFeeLoanAccount_SlabCreate123.json
124,C:\ACorn\jsonPayload\30-01-2019_1252AM\testScenario_for_API__AddFeeLoanAccount_SlabCreate124.json,C:\ACorn\jsonWorkbench\expectedResults\30-01-2019_1252AM\expectedResults_for_API__AddFeeLoanAccount_SlabCreate124.json,C:\ACorn\jsonWorkbench\urlParameters\30-01-2019_1252AM\urlInputFields_for_API__AddFeeLoanAccount_SlabCreate124.json
125,C:\ACorn\jsonPayload\30-01-2019_1252AM\testScenario_for_API__AddFeeLoanAccount_SlabCreate125.json,C:\ACorn\jsonWorkbench\expectedResults\30-01-2019_1252AM\expectedResults_for_API__AddFeeLoanAccount_SlabCreate125.json,C:\ACorn\jsonWorkbench\urlParameters\30-01-2019_1252AM\urlInputFields_for_API__AddFeeLoanAccount_SlabCreate125.json
126,C:\ACorn\jsonPayload\30-01-2019_1252AM\testScenario_for_API__AddFeeLoanAccount_SlabCreate126.json,C:\ACorn\jsonWorkbench\expectedResults\30-01-2019_1252AM\expectedResults_for_API__AddFeeLoanAccount_SlabCreate126.json,C:\ACorn\jsonWorkbench\urlParameters\30-01-2019_1252AM\urlInputFields_for_API__AddFeeLoanAccount_SlabCreate126.json
127,C:\ACorn\jsonPayload\30-01-2019_1252AM\testScenario_for_API__AddFeeLoanAccount_SlabCreate127.json,C:\ACorn\jsonWorkbench\expectedResults\30-01-2019_1252AM\expectedResults_for_API__AddFeeLoanAccount_SlabCreate127.json,C:\ACorn\jsonWorkbench\urlParameters\30-01-2019_1252AM\urlInputFields_for_API__AddFeeLoanAccount_SlabCreate127.json
128,C:\ACorn\jsonPayload\30-01-2019_1252AM\testScenario_for_API__AddFeeLoanAccount_SlabCreate128.json,C:\ACorn\jsonWorkbench\expectedResults\30-01-2019_1252AM\expectedResults_for_API__AddFeeLoanAccount_SlabCreate128.json,C:\ACorn\jsonWorkbench\urlParameters\30-01-2019_1252AM\urlInputFields_for_API__AddFeeLoanAccount_SlabCreate128.json
129,C:\ACorn\jsonPayload\30-01-2019_1252AM\testScenario_for_API__AddFeeLoanAccount_SlabCreate129.json,C:\ACorn\jsonWorkbench\expectedResults\30-01-2019_1252AM\expectedResults_for_API__AddFeeLoanAccount_SlabCreate129.json,C:\ACorn\jsonWorkbench\urlParameters\30-01-2019_1252AM\urlInputFields_for_API__AddFeeLoanAccount_SlabCreate129.json
130,C:\ACorn\jsonPayload\30-01-2019_1252AM\testScenario_for_API__AddFeeLoanAccount_SlabCreate130.json,C:\ACorn\jsonWorkbench\expectedResults\30-01-2019_1252AM\expectedResults_for_API__AddFeeLoanAccount_SlabCreate130.json,C:\ACorn\jsonWorkbench\urlParameters\30-01-2019_1252AM\urlInputFields_for_API__AddFeeLoanAccount_SlabCreate130.json
131,C:\ACorn\jsonPayload\30-01-2019_1252AM\testScenario_for_API__AddFeeLoanAccount_SlabCreate131.json,C:\ACorn\jsonWorkbench\expectedResults\30-01-2019_1252AM\expectedResults_for_API__AddFeeLoanAccount_SlabCreate131.json,C:\ACorn\jsonWorkbench\urlParameters\30-01-2019_1252AM\urlInputFields_for_API__AddFeeLoanAccount_SlabCreate131.json
132,C:\ACorn\jsonPayload\30-01-2019_1252AM\testScenario_for_API__AddFeeLoanAccount_SlabCreate132.json,C:\ACorn\jsonWorkbench\expectedResults\30-01-2019_1252AM\expectedResults_for_API__AddFeeLoanAccount_SlabCreate132.json,C:\ACorn\jsonWorkbench\urlParameters\30-01-2019_1252AM\urlInputFields_for_API__AddFeeLoanAccount_SlabCreate132.json
133,C:\ACorn\jsonPayload\30-01-2019_1252AM\testScenario_for_API__AddFeeLoanAccount_SlabCreate133.json,C:\ACorn\jsonWorkbench\expectedResults\30-01-2019_1252AM\expectedResults_for_API__AddFeeLoanAccount_SlabCreate133.json,C:\ACorn\jsonWorkbench\urlParameters\30-01-2019_1252AM\urlInputFields_for_API__AddFeeLoanAccount_SlabCreate133.json
134,C:\ACorn\jsonPayload\30-01-2019_1252AM\testScenario_for_API__AddFeeLoanAccount_SlabCreate134.json,C:\ACorn\jsonWorkbench\expectedResults\30-01-2019_1252AM\expectedResults_for_API__AddFeeLoanAccount_SlabCreate134.json,C:\ACorn\jsonWorkbench\urlParameters\30-01-2019_1252AM\urlInputFields_for_API__AddFeeLoanAccount_SlabCreate134.json
135,C:\ACorn\jsonPayload\30-01-2019_1252AM\testScenario_for_API__AddFeeLoanAccount_SlabCreate135.json,C:\ACorn\jsonWorkbench\expectedResults\30-01-2019_1252AM\expectedResults_for_API__AddFeeLoanAccount_SlabCreate135.json,C:\ACorn\jsonWorkbench\urlParameters\30-01-2019_1252AM\urlInputFields_for_API__AddFeeLoanAccount_SlabCreate135.json
136,C:\ACorn\jsonPayload\30-01-2019_1252AM\testScenario_for_API__AddFeeLoanAccount_SlabCreate136.json,C:\ACorn\jsonWorkbench\expectedResults\30-01-2019_1252AM\expectedResults_for_API__AddFeeLoanAccount_SlabCreate136.json,C:\ACorn\jsonWorkbench\urlParameters\30-01-2019_1252AM\urlInputFields_for_API__AddFeeLoanAccount_SlabCreate136.json
137,C:\ACorn\jsonPayload\30-01-2019_1252AM\testScenario_for_API__AddFeeLoanAccount_SlabCreate137.json,C:\ACorn\jsonWorkbench\expectedResults\30-01-2019_1252AM\expectedResults_for_API__AddFeeLoanAccount_SlabCreate137.json,C:\ACorn\jsonWorkbench\urlParameters\30-01-2019_1252AM\urlInputFields_for_API__AddFeeLoanAccount_SlabCreate137.json
138,C:\ACorn\jsonPayload\30-01-2019_1252AM\testScenario_for_API__AddFeeLoanAccount_SlabCreate138.json,C:\ACorn\jsonWorkbench\expectedResults\30-01-2019_1252AM\expectedResults_for_API__AddFeeLoanAccount_SlabCreate138.json,C:\ACorn\jsonWorkbench\urlParameters\30-01-2019_1252AM\urlInputFields_for_API__AddFeeLoanAccount_SlabCreate138.json
139,C:\ACorn\jsonPayload\30-01-2019_1252AM\testScenario_for_API__AddFeeLoanAccount_SlabCreate139.json,C:\ACorn\jsonWorkbench\expectedResults\30-01-2019_1252AM\expectedResults_for_API__AddFeeLoanAccount_SlabCreate139.json,C:\ACorn\jsonWorkbench\urlParameters\30-01-2019_1252AM\urlInputFields_for_API__AddFeeLoanAccount_SlabCreate139.json
140,C:\ACorn\jsonPayload\30-01-2019_1252AM\testScenario_for_API__AddFeeLoanAccount_SlabCreate140.json,C:\ACorn\jsonWorkbench\expectedResults\30-01-2019_1252AM\expectedResults_for_API__AddFeeLoanAccount_SlabCreate140.json,C:\ACorn\jsonWorkbench\urlParameters\30-01-2019_1252AM\urlInputFields_for_API__AddFeeLoanAccount_SlabCreate140.json
141,C:\ACorn\jsonPayload\30-01-2019_1252AM\testScenario_for_API__AddFeeLoanAccount_SlabCreate141.json,C:\ACorn\jsonWorkbench\expectedResults\30-01-2019_1252AM\expectedResults_for_API__AddFeeLoanAccount_SlabCreate141.json,C:\ACorn\jsonWorkbench\urlParameters\30-01-2019_1252AM\urlInputFields_for_API__AddFeeLoanAccount_SlabCreate141.json
142,C:\ACorn\jsonPayload\30-01-2019_1252AM\testScenario_for_API__AddFeeLoanAccount_SlabCreate142.json,C:\ACorn\jsonWorkbench\expectedResults\30-01-2019_1252AM\expectedResults_for_API__AddFeeLoanAccount_SlabCreate142.json,C:\ACorn\jsonWorkbench\urlParameters\30-01-2019_1252AM\urlInputFields_for_API__AddFeeLoanAccount_SlabCreate142.json
143,C:\ACorn\jsonPayload\30-01-2019_1252AM\testScenario_for_API__AddFeeLoanAccount_SlabCreate143.json,C:\ACorn\jsonWorkbench\expectedResults\30-01-2019_1252AM\expectedResults_for_API__AddFeeLoanAccount_SlabCreate143.json,C:\ACorn\jsonWorkbench\urlParameters\30-01-2019_1252AM\urlInputFields_for_API__AddFeeLoanAccount_SlabCreate143.json
144,C:\ACorn\jsonPayload\30-01-2019_1252AM\testScenario_for_API__AddFeeLoanAccount_SlabCreate144.json,C:\ACorn\jsonWorkbench\expectedResults\30-01-2019_1252AM\expectedResults_for_API__AddFeeLoanAccount_SlabCreate144.json,C:\ACorn\jsonWorkbench\urlParameters\30-01-2019_1252AM\urlInputFields_for_API__AddFeeLoanAccount_SlabCreate144.json
