1,C:\ACorn\jsonPayload\17-07-2019_0709PM\testScenario_for_API__Prepayment_Disbursement1.json,C:\ACorn\jsonWorkbench\expectedResults\17-07-2019_0709PM\expectedResults_for_API__Prepayment_Disbursement1.json,C:\ACorn\jsonWorkbench\urlParameters\17-07-2019_0709PM\urlInputFields_for_API__Prepayment_Disbursement1.json
2,C:\ACorn\jsonPayload\17-07-2019_0709PM\testScenario_for_API__Prepayment_Disbursement2.json,C:\ACorn\jsonWorkbench\expectedResults\17-07-2019_0709PM\expectedResults_for_API__Prepayment_Disbursement2.json,C:\ACorn\jsonWorkbench\urlParameters\17-07-2019_0709PM\urlInputFields_for_API__Prepayment_Disbursement2.json
3,C:\ACorn\jsonPayload\17-07-2019_0709PM\testScenario_for_API__Prepayment_Disbursement3.json,C:\ACorn\jsonWorkbench\expectedResults\17-07-2019_0709PM\expectedResults_for_API__Prepayment_Disbursement3.json,C:\ACorn\jsonWorkbench\urlParameters\17-07-2019_0709PM\urlInputFields_for_API__Prepayment_Disbursement3.json
4,C:\ACorn\jsonPayload\17-07-2019_0709PM\testScenario_for_API__Prepayment_Disbursement4.json,C:\ACorn\jsonWorkbench\expectedResults\17-07-2019_0709PM\expectedResults_for_API__Prepayment_Disbursement4.json,C:\ACorn\jsonWorkbench\urlParameters\17-07-2019_0709PM\urlInputFields_for_API__Prepayment_Disbursement4.json
5,C:\ACorn\jsonPayload\17-07-2019_0709PM\testScenario_for_API__Prepayment_Disbursement5.json,C:\ACorn\jsonWorkbench\expectedResults\17-07-2019_0709PM\expectedResults_for_API__Prepayment_Disbursement5.json,C:\ACorn\jsonWorkbench\urlParameters\17-07-2019_0709PM\urlInputFields_for_API__Prepayment_Disbursement5.json
6,C:\ACorn\jsonPayload\17-07-2019_0709PM\testScenario_for_API__Prepayment_Disbursement6.json,C:\ACorn\jsonWorkbench\expectedResults\17-07-2019_0709PM\expectedResults_for_API__Prepayment_Disbursement6.json,C:\ACorn\jsonWorkbench\urlParameters\17-07-2019_0709PM\urlInputFields_for_API__Prepayment_Disbursement6.json
7,C:\ACorn\jsonPayload\17-07-2019_0709PM\testScenario_for_API__Prepayment_Disbursement7.json,C:\ACorn\jsonWorkbench\expectedResults\17-07-2019_0709PM\expectedResults_for_API__Prepayment_Disbursement7.json,C:\ACorn\jsonWorkbench\urlParameters\17-07-2019_0709PM\urlInputFields_for_API__Prepayment_Disbursement7.json
8,C:\ACorn\jsonPayload\17-07-2019_0709PM\testScenario_for_API__Prepayment_Disbursement8.json,C:\ACorn\jsonWorkbench\expectedResults\17-07-2019_0709PM\expectedResults_for_API__Prepayment_Disbursement8.json,C:\ACorn\jsonWorkbench\urlParameters\17-07-2019_0709PM\urlInputFields_for_API__Prepayment_Disbursement8.json
9,C:\ACorn\jsonPayload\17-07-2019_0709PM\testScenario_for_API__Prepayment_Disbursement9.json,C:\ACorn\jsonWorkbench\expectedResults\17-07-2019_0709PM\expectedResults_for_API__Prepayment_Disbursement9.json,C:\ACorn\jsonWorkbench\urlParameters\17-07-2019_0709PM\urlInputFields_for_API__Prepayment_Disbursement9.json
10,C:\ACorn\jsonPayload\17-07-2019_0709PM\testScenario_for_API__Prepayment_Disbursement10.json,C:\ACorn\jsonWorkbench\expectedResults\17-07-2019_0709PM\expectedResults_for_API__Prepayment_Disbursement10.json,C:\ACorn\jsonWorkbench\urlParameters\17-07-2019_0709PM\urlInputFields_for_API__Prepayment_Disbursement10.json
11,C:\ACorn\jsonPayload\17-07-2019_0709PM\testScenario_for_API__Prepayment_Disbursement11.json,C:\ACorn\jsonWorkbench\expectedResults\17-07-2019_0709PM\expectedResults_for_API__Prepayment_Disbursement11.json,C:\ACorn\jsonWorkbench\urlParameters\17-07-2019_0709PM\urlInputFields_for_API__Prepayment_Disbursement11.json
12,C:\ACorn\jsonPayload\17-07-2019_0709PM\testScenario_for_API__Prepayment_Disbursement12.json,C:\ACorn\jsonWorkbench\expectedResults\17-07-2019_0709PM\expectedResults_for_API__Prepayment_Disbursement12.json,C:\ACorn\jsonWorkbench\urlParameters\17-07-2019_0709PM\urlInputFields_for_API__Prepayment_Disbursement12.json
13,C:\ACorn\jsonPayload\17-07-2019_0709PM\testScenario_for_API__Prepayment_Disbursement13.json,C:\ACorn\jsonWorkbench\expectedResults\17-07-2019_0709PM\expectedResults_for_API__Prepayment_Disbursement13.json,C:\ACorn\jsonWorkbench\urlParameters\17-07-2019_0709PM\urlInputFields_for_API__Prepayment_Disbursement13.json
14,C:\ACorn\jsonPayload\17-07-2019_0709PM\testScenario_for_API__Prepayment_Disbursement14.json,C:\ACorn\jsonWorkbench\expectedResults\17-07-2019_0709PM\expectedResults_for_API__Prepayment_Disbursement14.json,C:\ACorn\jsonWorkbench\urlParameters\17-07-2019_0709PM\urlInputFields_for_API__Prepayment_Disbursement14.json
15,C:\ACorn\jsonPayload\17-07-2019_0709PM\testScenario_for_API__Prepayment_Disbursement15.json,C:\ACorn\jsonWorkbench\expectedResults\17-07-2019_0709PM\expectedResults_for_API__Prepayment_Disbursement15.json,C:\ACorn\jsonWorkbench\urlParameters\17-07-2019_0709PM\urlInputFields_for_API__Prepayment_Disbursement15.json
16,C:\ACorn\jsonPayload\17-07-2019_0709PM\testScenario_for_API__Prepayment_Disbursement16.json,C:\ACorn\jsonWorkbench\expectedResults\17-07-2019_0709PM\expectedResults_for_API__Prepayment_Disbursement16.json,C:\ACorn\jsonWorkbench\urlParameters\17-07-2019_0709PM\urlInputFields_for_API__Prepayment_Disbursement16.json
17,C:\ACorn\jsonPayload\17-07-2019_0709PM\testScenario_for_API__Prepayment_Disbursement17.json,C:\ACorn\jsonWorkbench\expectedResults\17-07-2019_0709PM\expectedResults_for_API__Prepayment_Disbursement17.json,C:\ACorn\jsonWorkbench\urlParameters\17-07-2019_0709PM\urlInputFields_for_API__Prepayment_Disbursement17.json
18,C:\ACorn\jsonPayload\17-07-2019_0709PM\testScenario_for_API__Prepayment_Disbursement18.json,C:\ACorn\jsonWorkbench\expectedResults\17-07-2019_0709PM\expectedResults_for_API__Prepayment_Disbursement18.json,C:\ACorn\jsonWorkbench\urlParameters\17-07-2019_0709PM\urlInputFields_for_API__Prepayment_Disbursement18.json
19,C:\ACorn\jsonPayload\17-07-2019_0709PM\testScenario_for_API__Prepayment_Disbursement19.json,C:\ACorn\jsonWorkbench\expectedResults\17-07-2019_0709PM\expectedResults_for_API__Prepayment_Disbursement19.json,C:\ACorn\jsonWorkbench\urlParameters\17-07-2019_0709PM\urlInputFields_for_API__Prepayment_Disbursement19.json
20,C:\ACorn\jsonPayload\17-07-2019_0709PM\testScenario_for_API__Prepayment_Disbursement20.json,C:\ACorn\jsonWorkbench\expectedResults\17-07-2019_0709PM\expectedResults_for_API__Prepayment_Disbursement20.json,C:\ACorn\jsonWorkbench\urlParameters\17-07-2019_0709PM\urlInputFields_for_API__Prepayment_Disbursement20.json
21,C:\ACorn\jsonPayload\17-07-2019_0709PM\testScenario_for_API__Prepayment_Disbursement21.json,C:\ACorn\jsonWorkbench\expectedResults\17-07-2019_0709PM\expectedResults_for_API__Prepayment_Disbursement21.json,C:\ACorn\jsonWorkbench\urlParameters\17-07-2019_0709PM\urlInputFields_for_API__Prepayment_Disbursement21.json
22,C:\ACorn\jsonPayload\17-07-2019_0709PM\testScenario_for_API__Prepayment_Disbursement22.json,C:\ACorn\jsonWorkbench\expectedResults\17-07-2019_0709PM\expectedResults_for_API__Prepayment_Disbursement22.json,C:\ACorn\jsonWorkbench\urlParameters\17-07-2019_0709PM\urlInputFields_for_API__Prepayment_Disbursement22.json
23,C:\ACorn\jsonPayload\17-07-2019_0709PM\testScenario_for_API__Prepayment_Disbursement23.json,C:\ACorn\jsonWorkbench\expectedResults\17-07-2019_0709PM\expectedResults_for_API__Prepayment_Disbursement23.json,C:\ACorn\jsonWorkbench\urlParameters\17-07-2019_0709PM\urlInputFields_for_API__Prepayment_Disbursement23.json
