1,C:\ACorn\jsonPayload\22-05-2019_0607PM\testScenario_for_API__Repayment_Disbursement1.json,C:\ACorn\jsonWorkbench\expectedResults\22-05-2019_0607PM\expectedResults_for_API__Repayment_Disbursement1.json,C:\ACorn\jsonWorkbench\urlParameters\22-05-2019_0607PM\urlInputFields_for_API__Repayment_Disbursement1.json
2,C:\ACorn\jsonPayload\22-05-2019_0607PM\testScenario_for_API__Repayment_Disbursement2.json,C:\ACorn\jsonWorkbench\expectedResults\22-05-2019_0607PM\expectedResults_for_API__Repayment_Disbursement2.json,C:\ACorn\jsonWorkbench\urlParameters\22-05-2019_0607PM\urlInputFields_for_API__Repayment_Disbursement2.json
3,C:\ACorn\jsonPayload\22-05-2019_0607PM\testScenario_for_API__Repayment_Disbursement3.json,C:\ACorn\jsonWorkbench\expectedResults\22-05-2019_0607PM\expectedResults_for_API__Repayment_Disbursement3.json,C:\ACorn\jsonWorkbench\urlParameters\22-05-2019_0607PM\urlInputFields_for_API__Repayment_Disbursement3.json
4,C:\ACorn\jsonPayload\22-05-2019_0607PM\testScenario_for_API__Repayment_Disbursement4.json,C:\ACorn\jsonWorkbench\expectedResults\22-05-2019_0607PM\expectedResults_for_API__Repayment_Disbursement4.json,C:\ACorn\jsonWorkbench\urlParameters\22-05-2019_0607PM\urlInputFields_for_API__Repayment_Disbursement4.json
5,C:\ACorn\jsonPayload\22-05-2019_0607PM\testScenario_for_API__Repayment_Disbursement5.json,C:\ACorn\jsonWorkbench\expectedResults\22-05-2019_0607PM\expectedResults_for_API__Repayment_Disbursement5.json,C:\ACorn\jsonWorkbench\urlParameters\22-05-2019_0607PM\urlInputFields_for_API__Repayment_Disbursement5.json
6,C:\ACorn\jsonPayload\22-05-2019_0607PM\testScenario_for_API__Repayment_Disbursement6.json,C:\ACorn\jsonWorkbench\expectedResults\22-05-2019_0607PM\expectedResults_for_API__Repayment_Disbursement6.json,C:\ACorn\jsonWorkbench\urlParameters\22-05-2019_0607PM\urlInputFields_for_API__Repayment_Disbursement6.json
7,C:\ACorn\jsonPayload\22-05-2019_0607PM\testScenario_for_API__Repayment_Disbursement7.json,C:\ACorn\jsonWorkbench\expectedResults\22-05-2019_0607PM\expectedResults_for_API__Repayment_Disbursement7.json,C:\ACorn\jsonWorkbench\urlParameters\22-05-2019_0607PM\urlInputFields_for_API__Repayment_Disbursement7.json
8,C:\ACorn\jsonPayload\22-05-2019_0607PM\testScenario_for_API__Repayment_Disbursement8.json,C:\ACorn\jsonWorkbench\expectedResults\22-05-2019_0607PM\expectedResults_for_API__Repayment_Disbursement8.json,C:\ACorn\jsonWorkbench\urlParameters\22-05-2019_0607PM\urlInputFields_for_API__Repayment_Disbursement8.json
9,C:\ACorn\jsonPayload\22-05-2019_0607PM\testScenario_for_API__Repayment_Disbursement9.json,C:\ACorn\jsonWorkbench\expectedResults\22-05-2019_0607PM\expectedResults_for_API__Repayment_Disbursement9.json,C:\ACorn\jsonWorkbench\urlParameters\22-05-2019_0607PM\urlInputFields_for_API__Repayment_Disbursement9.json
10,C:\ACorn\jsonPayload\22-05-2019_0607PM\testScenario_for_API__Repayment_Disbursement10.json,C:\ACorn\jsonWorkbench\expectedResults\22-05-2019_0607PM\expectedResults_for_API__Repayment_Disbursement10.json,C:\ACorn\jsonWorkbench\urlParameters\22-05-2019_0607PM\urlInputFields_for_API__Repayment_Disbursement10.json
11,C:\ACorn\jsonPayload\22-05-2019_0607PM\testScenario_for_API__Repayment_Disbursement11.json,C:\ACorn\jsonWorkbench\expectedResults\22-05-2019_0607PM\expectedResults_for_API__Repayment_Disbursement11.json,C:\ACorn\jsonWorkbench\urlParameters\22-05-2019_0607PM\urlInputFields_for_API__Repayment_Disbursement11.json
12,C:\ACorn\jsonPayload\22-05-2019_0607PM\testScenario_for_API__Repayment_Disbursement12.json,C:\ACorn\jsonWorkbench\expectedResults\22-05-2019_0607PM\expectedResults_for_API__Repayment_Disbursement12.json,C:\ACorn\jsonWorkbench\urlParameters\22-05-2019_0607PM\urlInputFields_for_API__Repayment_Disbursement12.json
13,C:\ACorn\jsonPayload\22-05-2019_0607PM\testScenario_for_API__Repayment_Disbursement13.json,C:\ACorn\jsonWorkbench\expectedResults\22-05-2019_0607PM\expectedResults_for_API__Repayment_Disbursement13.json,C:\ACorn\jsonWorkbench\urlParameters\22-05-2019_0607PM\urlInputFields_for_API__Repayment_Disbursement13.json
14,C:\ACorn\jsonPayload\22-05-2019_0607PM\testScenario_for_API__Repayment_Disbursement14.json,C:\ACorn\jsonWorkbench\expectedResults\22-05-2019_0607PM\expectedResults_for_API__Repayment_Disbursement14.json,C:\ACorn\jsonWorkbench\urlParameters\22-05-2019_0607PM\urlInputFields_for_API__Repayment_Disbursement14.json
15,C:\ACorn\jsonPayload\22-05-2019_0607PM\testScenario_for_API__Repayment_Disbursement15.json,C:\ACorn\jsonWorkbench\expectedResults\22-05-2019_0607PM\expectedResults_for_API__Repayment_Disbursement15.json,C:\ACorn\jsonWorkbench\urlParameters\22-05-2019_0607PM\urlInputFields_for_API__Repayment_Disbursement15.json
16,C:\ACorn\jsonPayload\22-05-2019_0607PM\testScenario_for_API__Repayment_Disbursement16.json,C:\ACorn\jsonWorkbench\expectedResults\22-05-2019_0607PM\expectedResults_for_API__Repayment_Disbursement16.json,C:\ACorn\jsonWorkbench\urlParameters\22-05-2019_0607PM\urlInputFields_for_API__Repayment_Disbursement16.json
17,C:\ACorn\jsonPayload\22-05-2019_0607PM\testScenario_for_API__Repayment_Disbursement17.json,C:\ACorn\jsonWorkbench\expectedResults\22-05-2019_0607PM\expectedResults_for_API__Repayment_Disbursement17.json,C:\ACorn\jsonWorkbench\urlParameters\22-05-2019_0607PM\urlInputFields_for_API__Repayment_Disbursement17.json
18,C:\ACorn\jsonPayload\22-05-2019_0607PM\testScenario_for_API__Repayment_Disbursement18.json,C:\ACorn\jsonWorkbench\expectedResults\22-05-2019_0607PM\expectedResults_for_API__Repayment_Disbursement18.json,C:\ACorn\jsonWorkbench\urlParameters\22-05-2019_0607PM\urlInputFields_for_API__Repayment_Disbursement18.json
19,C:\ACorn\jsonPayload\22-05-2019_0607PM\testScenario_for_API__Repayment_Disbursement19.json,C:\ACorn\jsonWorkbench\expectedResults\22-05-2019_0607PM\expectedResults_for_API__Repayment_Disbursement19.json,C:\ACorn\jsonWorkbench\urlParameters\22-05-2019_0607PM\urlInputFields_for_API__Repayment_Disbursement19.json
20,C:\ACorn\jsonPayload\22-05-2019_0607PM\testScenario_for_API__Repayment_Disbursement20.json,C:\ACorn\jsonWorkbench\expectedResults\22-05-2019_0607PM\expectedResults_for_API__Repayment_Disbursement20.json,C:\ACorn\jsonWorkbench\urlParameters\22-05-2019_0607PM\urlInputFields_for_API__Repayment_Disbursement20.json
21,C:\ACorn\jsonPayload\22-05-2019_0607PM\testScenario_for_API__Repayment_Disbursement21.json,C:\ACorn\jsonWorkbench\expectedResults\22-05-2019_0607PM\expectedResults_for_API__Repayment_Disbursement21.json,C:\ACorn\jsonWorkbench\urlParameters\22-05-2019_0607PM\urlInputFields_for_API__Repayment_Disbursement21.json
22,C:\ACorn\jsonPayload\22-05-2019_0607PM\testScenario_for_API__Repayment_Disbursement22.json,C:\ACorn\jsonWorkbench\expectedResults\22-05-2019_0607PM\expectedResults_for_API__Repayment_Disbursement22.json,C:\ACorn\jsonWorkbench\urlParameters\22-05-2019_0607PM\urlInputFields_for_API__Repayment_Disbursement22.json
23,C:\ACorn\jsonPayload\22-05-2019_0607PM\testScenario_for_API__Repayment_Disbursement23.json,C:\ACorn\jsonWorkbench\expectedResults\22-05-2019_0607PM\expectedResults_for_API__Repayment_Disbursement23.json,C:\ACorn\jsonWorkbench\urlParameters\22-05-2019_0607PM\urlInputFields_for_API__Repayment_Disbursement23.json
24,C:\ACorn\jsonPayload\22-05-2019_0607PM\testScenario_for_API__Repayment_Disbursement24.json,C:\ACorn\jsonWorkbench\expectedResults\22-05-2019_0607PM\expectedResults_for_API__Repayment_Disbursement24.json,C:\ACorn\jsonWorkbench\urlParameters\22-05-2019_0607PM\urlInputFields_for_API__Repayment_Disbursement24.json
25,C:\ACorn\jsonPayload\22-05-2019_0607PM\testScenario_for_API__Repayment_Disbursement25.json,C:\ACorn\jsonWorkbench\expectedResults\22-05-2019_0607PM\expectedResults_for_API__Repayment_Disbursement25.json,C:\ACorn\jsonWorkbench\urlParameters\22-05-2019_0607PM\urlInputFields_for_API__Repayment_Disbursement25.json
26,C:\ACorn\jsonPayload\22-05-2019_0607PM\testScenario_for_API__Repayment_Disbursement26.json,C:\ACorn\jsonWorkbench\expectedResults\22-05-2019_0607PM\expectedResults_for_API__Repayment_Disbursement26.json,C:\ACorn\jsonWorkbench\urlParameters\22-05-2019_0607PM\urlInputFields_for_API__Repayment_Disbursement26.json
27,C:\ACorn\jsonPayload\22-05-2019_0607PM\testScenario_for_API__Repayment_Disbursement27.json,C:\ACorn\jsonWorkbench\expectedResults\22-05-2019_0607PM\expectedResults_for_API__Repayment_Disbursement27.json,C:\ACorn\jsonWorkbench\urlParameters\22-05-2019_0607PM\urlInputFields_for_API__Repayment_Disbursement27.json
28,C:\ACorn\jsonPayload\22-05-2019_0607PM\testScenario_for_API__Repayment_Disbursement28.json,C:\ACorn\jsonWorkbench\expectedResults\22-05-2019_0607PM\expectedResults_for_API__Repayment_Disbursement28.json,C:\ACorn\jsonWorkbench\urlParameters\22-05-2019_0607PM\urlInputFields_for_API__Repayment_Disbursement28.json
29,C:\ACorn\jsonPayload\22-05-2019_0607PM\testScenario_for_API__Repayment_Disbursement29.json,C:\ACorn\jsonWorkbench\expectedResults\22-05-2019_0607PM\expectedResults_for_API__Repayment_Disbursement29.json,C:\ACorn\jsonWorkbench\urlParameters\22-05-2019_0607PM\urlInputFields_for_API__Repayment_Disbursement29.json
30,C:\ACorn\jsonPayload\22-05-2019_0607PM\testScenario_for_API__Repayment_Disbursement30.json,C:\ACorn\jsonWorkbench\expectedResults\22-05-2019_0607PM\expectedResults_for_API__Repayment_Disbursement30.json,C:\ACorn\jsonWorkbench\urlParameters\22-05-2019_0607PM\urlInputFields_for_API__Repayment_Disbursement30.json
31,C:\ACorn\jsonPayload\22-05-2019_0607PM\testScenario_for_API__Repayment_Disbursement31.json,C:\ACorn\jsonWorkbench\expectedResults\22-05-2019_0607PM\expectedResults_for_API__Repayment_Disbursement31.json,C:\ACorn\jsonWorkbench\urlParameters\22-05-2019_0607PM\urlInputFields_for_API__Repayment_Disbursement31.json
32,C:\ACorn\jsonPayload\22-05-2019_0607PM\testScenario_for_API__Repayment_Disbursement32.json,C:\ACorn\jsonWorkbench\expectedResults\22-05-2019_0607PM\expectedResults_for_API__Repayment_Disbursement32.json,C:\ACorn\jsonWorkbench\urlParameters\22-05-2019_0607PM\urlInputFields_for_API__Repayment_Disbursement32.json
33,C:\ACorn\jsonPayload\22-05-2019_0607PM\testScenario_for_API__Repayment_Disbursement33.json,C:\ACorn\jsonWorkbench\expectedResults\22-05-2019_0607PM\expectedResults_for_API__Repayment_Disbursement33.json,C:\ACorn\jsonWorkbench\urlParameters\22-05-2019_0607PM\urlInputFields_for_API__Repayment_Disbursement33.json
34,C:\ACorn\jsonPayload\22-05-2019_0607PM\testScenario_for_API__Repayment_Disbursement34.json,C:\ACorn\jsonWorkbench\expectedResults\22-05-2019_0607PM\expectedResults_for_API__Repayment_Disbursement34.json,C:\ACorn\jsonWorkbench\urlParameters\22-05-2019_0607PM\urlInputFields_for_API__Repayment_Disbursement34.json
35,C:\ACorn\jsonPayload\22-05-2019_0607PM\testScenario_for_API__Repayment_Disbursement35.json,C:\ACorn\jsonWorkbench\expectedResults\22-05-2019_0607PM\expectedResults_for_API__Repayment_Disbursement35.json,C:\ACorn\jsonWorkbench\urlParameters\22-05-2019_0607PM\urlInputFields_for_API__Repayment_Disbursement35.json
36,C:\ACorn\jsonPayload\22-05-2019_0607PM\testScenario_for_API__Repayment_Disbursement36.json,C:\ACorn\jsonWorkbench\expectedResults\22-05-2019_0607PM\expectedResults_for_API__Repayment_Disbursement36.json,C:\ACorn\jsonWorkbench\urlParameters\22-05-2019_0607PM\urlInputFields_for_API__Repayment_Disbursement36.json
