1,,C:\ACorn\jsonWorkbench\expectedResults\05-07-2019_1042PM\expectedResults_for_API__PeridicFeeGeneration1.json,C:\ACorn\jsonWorkbench\urlParameters\05-07-2019_1042PM\urlInputFields_for_API__PeridicFeeGeneration1.json
2,,C:\ACorn\jsonWorkbench\expectedResults\05-07-2019_1042PM\expectedResults_for_API__PeridicFeeGeneration2.json,C:\ACorn\jsonWorkbench\urlParameters\05-07-2019_1042PM\urlInputFields_for_API__PeridicFeeGeneration2.json
3,,C:\ACorn\jsonWorkbench\expectedResults\05-07-2019_1042PM\expectedResults_for_API__PeridicFeeGeneration3.json,C:\ACorn\jsonWorkbench\urlParameters\05-07-2019_1042PM\urlInputFields_for_API__PeridicFeeGeneration3.json
4,,C:\ACorn\jsonWorkbench\expectedResults\05-07-2019_1042PM\expectedResults_for_API__PeridicFeeGeneration4.json,C:\ACorn\jsonWorkbench\urlParameters\05-07-2019_1042PM\urlInputFields_for_API__PeridicFeeGeneration4.json
5,,C:\ACorn\jsonWorkbench\expectedResults\05-07-2019_1042PM\expectedResults_for_API__PeridicFeeGeneration5.json,C:\ACorn\jsonWorkbench\urlParameters\05-07-2019_1042PM\urlInputFields_for_API__PeridicFeeGeneration5.json
6,,C:\ACorn\jsonWorkbench\expectedResults\05-07-2019_1042PM\expectedResults_for_API__PeridicFeeGeneration6.json,C:\ACorn\jsonWorkbench\urlParameters\05-07-2019_1042PM\urlInputFields_for_API__PeridicFeeGeneration6.json
7,,C:\ACorn\jsonWorkbench\expectedResults\05-07-2019_1042PM\expectedResults_for_API__PeridicFeeGeneration7.json,C:\ACorn\jsonWorkbench\urlParameters\05-07-2019_1042PM\urlInputFields_for_API__PeridicFeeGeneration7.json
8,,C:\ACorn\jsonWorkbench\expectedResults\05-07-2019_1042PM\expectedResults_for_API__PeridicFeeGeneration8.json,C:\ACorn\jsonWorkbench\urlParameters\05-07-2019_1042PM\urlInputFields_for_API__PeridicFeeGeneration8.json
9,,C:\ACorn\jsonWorkbench\expectedResults\05-07-2019_1042PM\expectedResults_for_API__PeridicFeeGeneration9.json,C:\ACorn\jsonWorkbench\urlParameters\05-07-2019_1042PM\urlInputFields_for_API__PeridicFeeGeneration9.json
10,,C:\ACorn\jsonWorkbench\expectedResults\05-07-2019_1042PM\expectedResults_for_API__PeridicFeeGeneration10.json,C:\ACorn\jsonWorkbench\urlParameters\05-07-2019_1042PM\urlInputFields_for_API__PeridicFeeGeneration10.json
11,,C:\ACorn\jsonWorkbench\expectedResults\05-07-2019_1042PM\expectedResults_for_API__PeridicFeeGeneration11.json,C:\ACorn\jsonWorkbench\urlParameters\05-07-2019_1042PM\urlInputFields_for_API__PeridicFeeGeneration11.json
12,,C:\ACorn\jsonWorkbench\expectedResults\05-07-2019_1042PM\expectedResults_for_API__PeridicFeeGeneration12.json,C:\ACorn\jsonWorkbench\urlParameters\05-07-2019_1042PM\urlInputFields_for_API__PeridicFeeGeneration12.json
13,,C:\ACorn\jsonWorkbench\expectedResults\05-07-2019_1042PM\expectedResults_for_API__PeridicFeeGeneration13.json,C:\ACorn\jsonWorkbench\urlParameters\05-07-2019_1042PM\urlInputFields_for_API__PeridicFeeGeneration13.json
14,,C:\ACorn\jsonWorkbench\expectedResults\05-07-2019_1042PM\expectedResults_for_API__PeridicFeeGeneration14.json,C:\ACorn\jsonWorkbench\urlParameters\05-07-2019_1042PM\urlInputFields_for_API__PeridicFeeGeneration14.json
15,,C:\ACorn\jsonWorkbench\expectedResults\05-07-2019_1042PM\expectedResults_for_API__PeridicFeeGeneration15.json,C:\ACorn\jsonWorkbench\urlParameters\05-07-2019_1042PM\urlInputFields_for_API__PeridicFeeGeneration15.json
