1,C:\ACorn\jsonPayload\14-04-2019_0353PM\testScenario_for_API__InitiateFirstDisb_Active1.json,C:\ACorn\jsonWorkbench\expectedResults\14-04-2019_0353PM\expectedResults_for_API__InitiateFirstDisb_Active1.json,C:\ACorn\jsonWorkbench\urlParameters\14-04-2019_0353PM\urlInputFields_for_API__InitiateFirstDisb_Active1.json
2,C:\ACorn\jsonPayload\14-04-2019_0353PM\testScenario_for_API__InitiateFirstDisb_Active2.json,C:\ACorn\jsonWorkbench\expectedResults\14-04-2019_0353PM\expectedResults_for_API__InitiateFirstDisb_Active2.json,C:\ACorn\jsonWorkbench\urlParameters\14-04-2019_0353PM\urlInputFields_for_API__InitiateFirstDisb_Active2.json
3,C:\ACorn\jsonPayload\14-04-2019_0353PM\testScenario_for_API__InitiateFirstDisb_Active3.json,C:\ACorn\jsonWorkbench\expectedResults\14-04-2019_0353PM\expectedResults_for_API__InitiateFirstDisb_Active3.json,C:\ACorn\jsonWorkbench\urlParameters\14-04-2019_0353PM\urlInputFields_for_API__InitiateFirstDisb_Active3.json
4,C:\ACorn\jsonPayload\14-04-2019_0353PM\testScenario_for_API__InitiateFirstDisb_Active4.json,C:\ACorn\jsonWorkbench\expectedResults\14-04-2019_0353PM\expectedResults_for_API__InitiateFirstDisb_Active4.json,C:\ACorn\jsonWorkbench\urlParameters\14-04-2019_0353PM\urlInputFields_for_API__InitiateFirstDisb_Active4.json
5,C:\ACorn\jsonPayload\14-04-2019_0353PM\testScenario_for_API__InitiateFirstDisb_Active5.json,C:\ACorn\jsonWorkbench\expectedResults\14-04-2019_0353PM\expectedResults_for_API__InitiateFirstDisb_Active5.json,C:\ACorn\jsonWorkbench\urlParameters\14-04-2019_0353PM\urlInputFields_for_API__InitiateFirstDisb_Active5.json
6,C:\ACorn\jsonPayload\14-04-2019_0353PM\testScenario_for_API__InitiateFirstDisb_Active6.json,C:\ACorn\jsonWorkbench\expectedResults\14-04-2019_0353PM\expectedResults_for_API__InitiateFirstDisb_Active6.json,C:\ACorn\jsonWorkbench\urlParameters\14-04-2019_0353PM\urlInputFields_for_API__InitiateFirstDisb_Active6.json
7,C:\ACorn\jsonPayload\14-04-2019_0353PM\testScenario_for_API__InitiateFirstDisb_Active7.json,C:\ACorn\jsonWorkbench\expectedResults\14-04-2019_0353PM\expectedResults_for_API__InitiateFirstDisb_Active7.json,C:\ACorn\jsonWorkbench\urlParameters\14-04-2019_0353PM\urlInputFields_for_API__InitiateFirstDisb_Active7.json
8,C:\ACorn\jsonPayload\14-04-2019_0353PM\testScenario_for_API__InitiateFirstDisb_Active8.json,C:\ACorn\jsonWorkbench\expectedResults\14-04-2019_0353PM\expectedResults_for_API__InitiateFirstDisb_Active8.json,C:\ACorn\jsonWorkbench\urlParameters\14-04-2019_0353PM\urlInputFields_for_API__InitiateFirstDisb_Active8.json
9,C:\ACorn\jsonPayload\14-04-2019_0353PM\testScenario_for_API__InitiateFirstDisb_Active9.json,C:\ACorn\jsonWorkbench\expectedResults\14-04-2019_0353PM\expectedResults_for_API__InitiateFirstDisb_Active9.json,C:\ACorn\jsonWorkbench\urlParameters\14-04-2019_0353PM\urlInputFields_for_API__InitiateFirstDisb_Active9.json
10,C:\ACorn\jsonPayload\14-04-2019_0353PM\testScenario_for_API__InitiateFirstDisb_Active10.json,C:\ACorn\jsonWorkbench\expectedResults\14-04-2019_0353PM\expectedResults_for_API__InitiateFirstDisb_Active10.json,C:\ACorn\jsonWorkbench\urlParameters\14-04-2019_0353PM\urlInputFields_for_API__InitiateFirstDisb_Active10.json
11,C:\ACorn\jsonPayload\14-04-2019_0353PM\testScenario_for_API__InitiateFirstDisb_Active11.json,C:\ACorn\jsonWorkbench\expectedResults\14-04-2019_0353PM\expectedResults_for_API__InitiateFirstDisb_Active11.json,C:\ACorn\jsonWorkbench\urlParameters\14-04-2019_0353PM\urlInputFields_for_API__InitiateFirstDisb_Active11.json
