1,C:\ACorn\jsonPayload\19-06-2019_0115PM\testScenario_for_API__Reversal_Disbursement1.json,C:\ACorn\jsonWorkbench\expectedResults\19-06-2019_0115PM\expectedResults_for_API__Reversal_Disbursement1.json,C:\ACorn\jsonWorkbench\urlParameters\19-06-2019_0115PM\urlInputFields_for_API__Reversal_Disbursement1.json
2,C:\ACorn\jsonPayload\19-06-2019_0115PM\testScenario_for_API__Reversal_Disbursement2.json,C:\ACorn\jsonWorkbench\expectedResults\19-06-2019_0115PM\expectedResults_for_API__Reversal_Disbursement2.json,C:\ACorn\jsonWorkbench\urlParameters\19-06-2019_0115PM\urlInputFields_for_API__Reversal_Disbursement2.json
3,C:\ACorn\jsonPayload\19-06-2019_0115PM\testScenario_for_API__Reversal_Disbursement3.json,C:\ACorn\jsonWorkbench\expectedResults\19-06-2019_0115PM\expectedResults_for_API__Reversal_Disbursement3.json,C:\ACorn\jsonWorkbench\urlParameters\19-06-2019_0115PM\urlInputFields_for_API__Reversal_Disbursement3.json
4,C:\ACorn\jsonPayload\19-06-2019_0115PM\testScenario_for_API__Reversal_Disbursement4.json,C:\ACorn\jsonWorkbench\expectedResults\19-06-2019_0115PM\expectedResults_for_API__Reversal_Disbursement4.json,C:\ACorn\jsonWorkbench\urlParameters\19-06-2019_0115PM\urlInputFields_for_API__Reversal_Disbursement4.json
5,C:\ACorn\jsonPayload\19-06-2019_0115PM\testScenario_for_API__Reversal_Disbursement5.json,C:\ACorn\jsonWorkbench\expectedResults\19-06-2019_0115PM\expectedResults_for_API__Reversal_Disbursement5.json,C:\ACorn\jsonWorkbench\urlParameters\19-06-2019_0115PM\urlInputFields_for_API__Reversal_Disbursement5.json
6,C:\ACorn\jsonPayload\19-06-2019_0115PM\testScenario_for_API__Reversal_Disbursement6.json,C:\ACorn\jsonWorkbench\expectedResults\19-06-2019_0115PM\expectedResults_for_API__Reversal_Disbursement6.json,C:\ACorn\jsonWorkbench\urlParameters\19-06-2019_0115PM\urlInputFields_for_API__Reversal_Disbursement6.json
7,C:\ACorn\jsonPayload\19-06-2019_0115PM\testScenario_for_API__Reversal_Disbursement7.json,C:\ACorn\jsonWorkbench\expectedResults\19-06-2019_0115PM\expectedResults_for_API__Reversal_Disbursement7.json,C:\ACorn\jsonWorkbench\urlParameters\19-06-2019_0115PM\urlInputFields_for_API__Reversal_Disbursement7.json
8,C:\ACorn\jsonPayload\19-06-2019_0115PM\testScenario_for_API__Reversal_Disbursement8.json,C:\ACorn\jsonWorkbench\expectedResults\19-06-2019_0115PM\expectedResults_for_API__Reversal_Disbursement8.json,C:\ACorn\jsonWorkbench\urlParameters\19-06-2019_0115PM\urlInputFields_for_API__Reversal_Disbursement8.json
9,C:\ACorn\jsonPayload\19-06-2019_0115PM\testScenario_for_API__Reversal_Disbursement9.json,C:\ACorn\jsonWorkbench\expectedResults\19-06-2019_0115PM\expectedResults_for_API__Reversal_Disbursement9.json,C:\ACorn\jsonWorkbench\urlParameters\19-06-2019_0115PM\urlInputFields_for_API__Reversal_Disbursement9.json
10,C:\ACorn\jsonPayload\19-06-2019_0115PM\testScenario_for_API__Reversal_Disbursement10.json,C:\ACorn\jsonWorkbench\expectedResults\19-06-2019_0115PM\expectedResults_for_API__Reversal_Disbursement10.json,C:\ACorn\jsonWorkbench\urlParameters\19-06-2019_0115PM\urlInputFields_for_API__Reversal_Disbursement10.json
11,C:\ACorn\jsonPayload\19-06-2019_0115PM\testScenario_for_API__Reversal_Disbursement11.json,C:\ACorn\jsonWorkbench\expectedResults\19-06-2019_0115PM\expectedResults_for_API__Reversal_Disbursement11.json,C:\ACorn\jsonWorkbench\urlParameters\19-06-2019_0115PM\urlInputFields_for_API__Reversal_Disbursement11.json
12,C:\ACorn\jsonPayload\19-06-2019_0115PM\testScenario_for_API__Reversal_Disbursement12.json,C:\ACorn\jsonWorkbench\expectedResults\19-06-2019_0115PM\expectedResults_for_API__Reversal_Disbursement12.json,C:\ACorn\jsonWorkbench\urlParameters\19-06-2019_0115PM\urlInputFields_for_API__Reversal_Disbursement12.json
13,C:\ACorn\jsonPayload\19-06-2019_0115PM\testScenario_for_API__Reversal_Disbursement13.json,C:\ACorn\jsonWorkbench\expectedResults\19-06-2019_0115PM\expectedResults_for_API__Reversal_Disbursement13.json,C:\ACorn\jsonWorkbench\urlParameters\19-06-2019_0115PM\urlInputFields_for_API__Reversal_Disbursement13.json
14,C:\ACorn\jsonPayload\19-06-2019_0115PM\testScenario_for_API__Reversal_Disbursement14.json,C:\ACorn\jsonWorkbench\expectedResults\19-06-2019_0115PM\expectedResults_for_API__Reversal_Disbursement14.json,C:\ACorn\jsonWorkbench\urlParameters\19-06-2019_0115PM\urlInputFields_for_API__Reversal_Disbursement14.json
15,C:\ACorn\jsonPayload\19-06-2019_0115PM\testScenario_for_API__Reversal_Disbursement15.json,C:\ACorn\jsonWorkbench\expectedResults\19-06-2019_0115PM\expectedResults_for_API__Reversal_Disbursement15.json,C:\ACorn\jsonWorkbench\urlParameters\19-06-2019_0115PM\urlInputFields_for_API__Reversal_Disbursement15.json
