1,C:\ACorn\jsonPayload\03-06-2019_1209PM\testScenario_for_API__PrepaymentLoanCreation_Event1.json,C:\ACorn\jsonWorkbench\expectedResults\03-06-2019_1209PM\expectedResults_for_API__PrepaymentLoanCreation_Event1.json,C:\ACorn\jsonWorkbench\urlParameters\03-06-2019_1209PM\urlInputFields_for_API__PrepaymentLoanCreation_Event1.json
2,C:\ACorn\jsonPayload\03-06-2019_1209PM\testScenario_for_API__PrepaymentLoanCreation_Event2.json,C:\ACorn\jsonWorkbench\expectedResults\03-06-2019_1209PM\expectedResults_for_API__PrepaymentLoanCreation_Event2.json,C:\ACorn\jsonWorkbench\urlParameters\03-06-2019_1209PM\urlInputFields_for_API__PrepaymentLoanCreation_Event2.json
3,C:\ACorn\jsonPayload\03-06-2019_1209PM\testScenario_for_API__PrepaymentLoanCreation_Event3.json,C:\ACorn\jsonWorkbench\expectedResults\03-06-2019_1209PM\expectedResults_for_API__PrepaymentLoanCreation_Event3.json,C:\ACorn\jsonWorkbench\urlParameters\03-06-2019_1209PM\urlInputFields_for_API__PrepaymentLoanCreation_Event3.json
4,C:\ACorn\jsonPayload\03-06-2019_1209PM\testScenario_for_API__PrepaymentLoanCreation_Event4.json,C:\ACorn\jsonWorkbench\expectedResults\03-06-2019_1209PM\expectedResults_for_API__PrepaymentLoanCreation_Event4.json,C:\ACorn\jsonWorkbench\urlParameters\03-06-2019_1209PM\urlInputFields_for_API__PrepaymentLoanCreation_Event4.json
5,C:\ACorn\jsonPayload\03-06-2019_1209PM\testScenario_for_API__PrepaymentLoanCreation_Event5.json,C:\ACorn\jsonWorkbench\expectedResults\03-06-2019_1209PM\expectedResults_for_API__PrepaymentLoanCreation_Event5.json,C:\ACorn\jsonWorkbench\urlParameters\03-06-2019_1209PM\urlInputFields_for_API__PrepaymentLoanCreation_Event5.json
6,C:\ACorn\jsonPayload\03-06-2019_1209PM\testScenario_for_API__PrepaymentLoanCreation_Event6.json,C:\ACorn\jsonWorkbench\expectedResults\03-06-2019_1209PM\expectedResults_for_API__PrepaymentLoanCreation_Event6.json,C:\ACorn\jsonWorkbench\urlParameters\03-06-2019_1209PM\urlInputFields_for_API__PrepaymentLoanCreation_Event6.json
7,C:\ACorn\jsonPayload\03-06-2019_1209PM\testScenario_for_API__PrepaymentLoanCreation_Event7.json,C:\ACorn\jsonWorkbench\expectedResults\03-06-2019_1209PM\expectedResults_for_API__PrepaymentLoanCreation_Event7.json,C:\ACorn\jsonWorkbench\urlParameters\03-06-2019_1209PM\urlInputFields_for_API__PrepaymentLoanCreation_Event7.json
8,C:\ACorn\jsonPayload\03-06-2019_1209PM\testScenario_for_API__PrepaymentLoanCreation_Event8.json,C:\ACorn\jsonWorkbench\expectedResults\03-06-2019_1209PM\expectedResults_for_API__PrepaymentLoanCreation_Event8.json,C:\ACorn\jsonWorkbench\urlParameters\03-06-2019_1209PM\urlInputFields_for_API__PrepaymentLoanCreation_Event8.json
9,C:\ACorn\jsonPayload\03-06-2019_1209PM\testScenario_for_API__PrepaymentLoanCreation_Event9.json,C:\ACorn\jsonWorkbench\expectedResults\03-06-2019_1209PM\expectedResults_for_API__PrepaymentLoanCreation_Event9.json,C:\ACorn\jsonWorkbench\urlParameters\03-06-2019_1209PM\urlInputFields_for_API__PrepaymentLoanCreation_Event9.json
10,C:\ACorn\jsonPayload\03-06-2019_1209PM\testScenario_for_API__PrepaymentLoanCreation_Event10.json,C:\ACorn\jsonWorkbench\expectedResults\03-06-2019_1209PM\expectedResults_for_API__PrepaymentLoanCreation_Event10.json,C:\ACorn\jsonWorkbench\urlParameters\03-06-2019_1209PM\urlInputFields_for_API__PrepaymentLoanCreation_Event10.json
11,C:\ACorn\jsonPayload\03-06-2019_1209PM\testScenario_for_API__PrepaymentLoanCreation_Event11.json,C:\ACorn\jsonWorkbench\expectedResults\03-06-2019_1209PM\expectedResults_for_API__PrepaymentLoanCreation_Event11.json,C:\ACorn\jsonWorkbench\urlParameters\03-06-2019_1209PM\urlInputFields_for_API__PrepaymentLoanCreation_Event11.json
12,C:\ACorn\jsonPayload\03-06-2019_1209PM\testScenario_for_API__PrepaymentLoanCreation_Event12.json,C:\ACorn\jsonWorkbench\expectedResults\03-06-2019_1209PM\expectedResults_for_API__PrepaymentLoanCreation_Event12.json,C:\ACorn\jsonWorkbench\urlParameters\03-06-2019_1209PM\urlInputFields_for_API__PrepaymentLoanCreation_Event12.json
