1,C:\ACorn\jsonPayload\14-05-2019_0144PM\testScenario_for_API__InteresrRollUP_Creation1.json,C:\ACorn\jsonWorkbench\expectedResults\14-05-2019_0144PM\expectedResults_for_API__InteresrRollUP_Creation1.json,C:\ACorn\jsonWorkbench\urlParameters\14-05-2019_0144PM\urlInputFields_for_API__InteresrRollUP_Creation1.json
2,C:\ACorn\jsonPayload\14-05-2019_0144PM\testScenario_for_API__InteresrRollUP_Creation2.json,C:\ACorn\jsonWorkbench\expectedResults\14-05-2019_0144PM\expectedResults_for_API__InteresrRollUP_Creation2.json,C:\ACorn\jsonWorkbench\urlParameters\14-05-2019_0144PM\urlInputFields_for_API__InteresrRollUP_Creation2.json
3,C:\ACorn\jsonPayload\14-05-2019_0144PM\testScenario_for_API__InteresrRollUP_Creation3.json,C:\ACorn\jsonWorkbench\expectedResults\14-05-2019_0144PM\expectedResults_for_API__InteresrRollUP_Creation3.json,C:\ACorn\jsonWorkbench\urlParameters\14-05-2019_0144PM\urlInputFields_for_API__InteresrRollUP_Creation3.json
4,C:\ACorn\jsonPayload\14-05-2019_0144PM\testScenario_for_API__InteresrRollUP_Creation4.json,C:\ACorn\jsonWorkbench\expectedResults\14-05-2019_0144PM\expectedResults_for_API__InteresrRollUP_Creation4.json,C:\ACorn\jsonWorkbench\urlParameters\14-05-2019_0144PM\urlInputFields_for_API__InteresrRollUP_Creation4.json
5,C:\ACorn\jsonPayload\14-05-2019_0144PM\testScenario_for_API__InteresrRollUP_Creation5.json,C:\ACorn\jsonWorkbench\expectedResults\14-05-2019_0144PM\expectedResults_for_API__InteresrRollUP_Creation5.json,C:\ACorn\jsonWorkbench\urlParameters\14-05-2019_0144PM\urlInputFields_for_API__InteresrRollUP_Creation5.json
6,C:\ACorn\jsonPayload\14-05-2019_0144PM\testScenario_for_API__InteresrRollUP_Creation6.json,C:\ACorn\jsonWorkbench\expectedResults\14-05-2019_0144PM\expectedResults_for_API__InteresrRollUP_Creation6.json,C:\ACorn\jsonWorkbench\urlParameters\14-05-2019_0144PM\urlInputFields_for_API__InteresrRollUP_Creation6.json
7,C:\ACorn\jsonPayload\14-05-2019_0144PM\testScenario_for_API__InteresrRollUP_Creation7.json,C:\ACorn\jsonWorkbench\expectedResults\14-05-2019_0144PM\expectedResults_for_API__InteresrRollUP_Creation7.json,C:\ACorn\jsonWorkbench\urlParameters\14-05-2019_0144PM\urlInputFields_for_API__InteresrRollUP_Creation7.json
8,C:\ACorn\jsonPayload\14-05-2019_0144PM\testScenario_for_API__InteresrRollUP_Creation8.json,C:\ACorn\jsonWorkbench\expectedResults\14-05-2019_0144PM\expectedResults_for_API__InteresrRollUP_Creation8.json,C:\ACorn\jsonWorkbench\urlParameters\14-05-2019_0144PM\urlInputFields_for_API__InteresrRollUP_Creation8.json
9,C:\ACorn\jsonPayload\14-05-2019_0144PM\testScenario_for_API__InteresrRollUP_Creation9.json,C:\ACorn\jsonWorkbench\expectedResults\14-05-2019_0144PM\expectedResults_for_API__InteresrRollUP_Creation9.json,C:\ACorn\jsonWorkbench\urlParameters\14-05-2019_0144PM\urlInputFields_for_API__InteresrRollUP_Creation9.json
10,C:\ACorn\jsonPayload\14-05-2019_0144PM\testScenario_for_API__InteresrRollUP_Creation10.json,C:\ACorn\jsonWorkbench\expectedResults\14-05-2019_0144PM\expectedResults_for_API__InteresrRollUP_Creation10.json,C:\ACorn\jsonWorkbench\urlParameters\14-05-2019_0144PM\urlInputFields_for_API__InteresrRollUP_Creation10.json
11,C:\ACorn\jsonPayload\14-05-2019_0144PM\testScenario_for_API__InteresrRollUP_Creation11.json,C:\ACorn\jsonWorkbench\expectedResults\14-05-2019_0144PM\expectedResults_for_API__InteresrRollUP_Creation11.json,C:\ACorn\jsonWorkbench\urlParameters\14-05-2019_0144PM\urlInputFields_for_API__InteresrRollUP_Creation11.json
12,C:\ACorn\jsonPayload\14-05-2019_0144PM\testScenario_for_API__InteresrRollUP_Creation12.json,C:\ACorn\jsonWorkbench\expectedResults\14-05-2019_0144PM\expectedResults_for_API__InteresrRollUP_Creation12.json,C:\ACorn\jsonWorkbench\urlParameters\14-05-2019_0144PM\urlInputFields_for_API__InteresrRollUP_Creation12.json
