1,C:\ACorn\jsonPayload\06-02-2019_0604PM\testScenario_for_API__AddFeeLoanAccount_Fixedcreate1.json,C:\ACorn\jsonWorkbench\expectedResults\06-02-2019_0604PM\expectedResults_for_API__AddFeeLoanAccount_Fixedcreate1.json,C:\ACorn\jsonWorkbench\urlParameters\06-02-2019_0604PM\urlInputFields_for_API__AddFeeLoanAccount_Fixedcreate1.json
2,C:\ACorn\jsonPayload\06-02-2019_0604PM\testScenario_for_API__AddFeeLoanAccount_Fixedcreate2.json,C:\ACorn\jsonWorkbench\expectedResults\06-02-2019_0604PM\expectedResults_for_API__AddFeeLoanAccount_Fixedcreate2.json,C:\ACorn\jsonWorkbench\urlParameters\06-02-2019_0604PM\urlInputFields_for_API__AddFeeLoanAccount_Fixedcreate2.json
3,C:\ACorn\jsonPayload\06-02-2019_0604PM\testScenario_for_API__AddFeeLoanAccount_Fixedcreate3.json,C:\ACorn\jsonWorkbench\expectedResults\06-02-2019_0604PM\expectedResults_for_API__AddFeeLoanAccount_Fixedcreate3.json,C:\ACorn\jsonWorkbench\urlParameters\06-02-2019_0604PM\urlInputFields_for_API__AddFeeLoanAccount_Fixedcreate3.json
4,C:\ACorn\jsonPayload\06-02-2019_0604PM\testScenario_for_API__AddFeeLoanAccount_Fixedcreate4.json,C:\ACorn\jsonWorkbench\expectedResults\06-02-2019_0604PM\expectedResults_for_API__AddFeeLoanAccount_Fixedcreate4.json,C:\ACorn\jsonWorkbench\urlParameters\06-02-2019_0604PM\urlInputFields_for_API__AddFeeLoanAccount_Fixedcreate4.json
5,C:\ACorn\jsonPayload\06-02-2019_0604PM\testScenario_for_API__AddFeeLoanAccount_Fixedcreate5.json,C:\ACorn\jsonWorkbench\expectedResults\06-02-2019_0604PM\expectedResults_for_API__AddFeeLoanAccount_Fixedcreate5.json,C:\ACorn\jsonWorkbench\urlParameters\06-02-2019_0604PM\urlInputFields_for_API__AddFeeLoanAccount_Fixedcreate5.json
6,C:\ACorn\jsonPayload\06-02-2019_0604PM\testScenario_for_API__AddFeeLoanAccount_Fixedcreate6.json,C:\ACorn\jsonWorkbench\expectedResults\06-02-2019_0604PM\expectedResults_for_API__AddFeeLoanAccount_Fixedcreate6.json,C:\ACorn\jsonWorkbench\urlParameters\06-02-2019_0604PM\urlInputFields_for_API__AddFeeLoanAccount_Fixedcreate6.json
7,C:\ACorn\jsonPayload\06-02-2019_0604PM\testScenario_for_API__AddFeeLoanAccount_Fixedcreate7.json,C:\ACorn\jsonWorkbench\expectedResults\06-02-2019_0604PM\expectedResults_for_API__AddFeeLoanAccount_Fixedcreate7.json,C:\ACorn\jsonWorkbench\urlParameters\06-02-2019_0604PM\urlInputFields_for_API__AddFeeLoanAccount_Fixedcreate7.json
8,C:\ACorn\jsonPayload\06-02-2019_0604PM\testScenario_for_API__AddFeeLoanAccount_Fixedcreate8.json,C:\ACorn\jsonWorkbench\expectedResults\06-02-2019_0604PM\expectedResults_for_API__AddFeeLoanAccount_Fixedcreate8.json,C:\ACorn\jsonWorkbench\urlParameters\06-02-2019_0604PM\urlInputFields_for_API__AddFeeLoanAccount_Fixedcreate8.json
9,C:\ACorn\jsonPayload\06-02-2019_0604PM\testScenario_for_API__AddFeeLoanAccount_Fixedcreate9.json,C:\ACorn\jsonWorkbench\expectedResults\06-02-2019_0604PM\expectedResults_for_API__AddFeeLoanAccount_Fixedcreate9.json,C:\ACorn\jsonWorkbench\urlParameters\06-02-2019_0604PM\urlInputFields_for_API__AddFeeLoanAccount_Fixedcreate9.json
10,C:\ACorn\jsonPayload\06-02-2019_0604PM\testScenario_for_API__AddFeeLoanAccount_Fixedcreate10.json,C:\ACorn\jsonWorkbench\expectedResults\06-02-2019_0604PM\expectedResults_for_API__AddFeeLoanAccount_Fixedcreate10.json,C:\ACorn\jsonWorkbench\urlParameters\06-02-2019_0604PM\urlInputFields_for_API__AddFeeLoanAccount_Fixedcreate10.json
11,C:\ACorn\jsonPayload\06-02-2019_0604PM\testScenario_for_API__AddFeeLoanAccount_Fixedcreate11.json,C:\ACorn\jsonWorkbench\expectedResults\06-02-2019_0604PM\expectedResults_for_API__AddFeeLoanAccount_Fixedcreate11.json,C:\ACorn\jsonWorkbench\urlParameters\06-02-2019_0604PM\urlInputFields_for_API__AddFeeLoanAccount_Fixedcreate11.json
12,C:\ACorn\jsonPayload\06-02-2019_0604PM\testScenario_for_API__AddFeeLoanAccount_Fixedcreate12.json,C:\ACorn\jsonWorkbench\expectedResults\06-02-2019_0604PM\expectedResults_for_API__AddFeeLoanAccount_Fixedcreate12.json,C:\ACorn\jsonWorkbench\urlParameters\06-02-2019_0604PM\urlInputFields_for_API__AddFeeLoanAccount_Fixedcreate12.json
13,C:\ACorn\jsonPayload\06-02-2019_0604PM\testScenario_for_API__AddFeeLoanAccount_Fixedcreate13.json,C:\ACorn\jsonWorkbench\expectedResults\06-02-2019_0604PM\expectedResults_for_API__AddFeeLoanAccount_Fixedcreate13.json,C:\ACorn\jsonWorkbench\urlParameters\06-02-2019_0604PM\urlInputFields_for_API__AddFeeLoanAccount_Fixedcreate13.json
14,C:\ACorn\jsonPayload\06-02-2019_0604PM\testScenario_for_API__AddFeeLoanAccount_Fixedcreate14.json,C:\ACorn\jsonWorkbench\expectedResults\06-02-2019_0604PM\expectedResults_for_API__AddFeeLoanAccount_Fixedcreate14.json,C:\ACorn\jsonWorkbench\urlParameters\06-02-2019_0604PM\urlInputFields_for_API__AddFeeLoanAccount_Fixedcreate14.json
15,C:\ACorn\jsonPayload\06-02-2019_0604PM\testScenario_for_API__AddFeeLoanAccount_Fixedcreate15.json,C:\ACorn\jsonWorkbench\expectedResults\06-02-2019_0604PM\expectedResults_for_API__AddFeeLoanAccount_Fixedcreate15.json,C:\ACorn\jsonWorkbench\urlParameters\06-02-2019_0604PM\urlInputFields_for_API__AddFeeLoanAccount_Fixedcreate15.json
16,C:\ACorn\jsonPayload\06-02-2019_0604PM\testScenario_for_API__AddFeeLoanAccount_Fixedcreate16.json,C:\ACorn\jsonWorkbench\expectedResults\06-02-2019_0604PM\expectedResults_for_API__AddFeeLoanAccount_Fixedcreate16.json,C:\ACorn\jsonWorkbench\urlParameters\06-02-2019_0604PM\urlInputFields_for_API__AddFeeLoanAccount_Fixedcreate16.json
17,C:\ACorn\jsonPayload\06-02-2019_0604PM\testScenario_for_API__AddFeeLoanAccount_Fixedcreate17.json,C:\ACorn\jsonWorkbench\expectedResults\06-02-2019_0604PM\expectedResults_for_API__AddFeeLoanAccount_Fixedcreate17.json,C:\ACorn\jsonWorkbench\urlParameters\06-02-2019_0604PM\urlInputFields_for_API__AddFeeLoanAccount_Fixedcreate17.json
18,C:\ACorn\jsonPayload\06-02-2019_0604PM\testScenario_for_API__AddFeeLoanAccount_Fixedcreate18.json,C:\ACorn\jsonWorkbench\expectedResults\06-02-2019_0604PM\expectedResults_for_API__AddFeeLoanAccount_Fixedcreate18.json,C:\ACorn\jsonWorkbench\urlParameters\06-02-2019_0604PM\urlInputFields_for_API__AddFeeLoanAccount_Fixedcreate18.json
19,C:\ACorn\jsonPayload\06-02-2019_0604PM\testScenario_for_API__AddFeeLoanAccount_Fixedcreate19.json,C:\ACorn\jsonWorkbench\expectedResults\06-02-2019_0604PM\expectedResults_for_API__AddFeeLoanAccount_Fixedcreate19.json,C:\ACorn\jsonWorkbench\urlParameters\06-02-2019_0604PM\urlInputFields_for_API__AddFeeLoanAccount_Fixedcreate19.json
20,C:\ACorn\jsonPayload\06-02-2019_0604PM\testScenario_for_API__AddFeeLoanAccount_Fixedcreate20.json,C:\ACorn\jsonWorkbench\expectedResults\06-02-2019_0604PM\expectedResults_for_API__AddFeeLoanAccount_Fixedcreate20.json,C:\ACorn\jsonWorkbench\urlParameters\06-02-2019_0604PM\urlInputFields_for_API__AddFeeLoanAccount_Fixedcreate20.json
21,C:\ACorn\jsonPayload\06-02-2019_0604PM\testScenario_for_API__AddFeeLoanAccount_Fixedcreate21.json,C:\ACorn\jsonWorkbench\expectedResults\06-02-2019_0604PM\expectedResults_for_API__AddFeeLoanAccount_Fixedcreate21.json,C:\ACorn\jsonWorkbench\urlParameters\06-02-2019_0604PM\urlInputFields_for_API__AddFeeLoanAccount_Fixedcreate21.json
22,C:\ACorn\jsonPayload\06-02-2019_0604PM\testScenario_for_API__AddFeeLoanAccount_Fixedcreate22.json,C:\ACorn\jsonWorkbench\expectedResults\06-02-2019_0604PM\expectedResults_for_API__AddFeeLoanAccount_Fixedcreate22.json,C:\ACorn\jsonWorkbench\urlParameters\06-02-2019_0604PM\urlInputFields_for_API__AddFeeLoanAccount_Fixedcreate22.json
23,C:\ACorn\jsonPayload\06-02-2019_0604PM\testScenario_for_API__AddFeeLoanAccount_Fixedcreate23.json,C:\ACorn\jsonWorkbench\expectedResults\06-02-2019_0604PM\expectedResults_for_API__AddFeeLoanAccount_Fixedcreate23.json,C:\ACorn\jsonWorkbench\urlParameters\06-02-2019_0604PM\urlInputFields_for_API__AddFeeLoanAccount_Fixedcreate23.json
24,C:\ACorn\jsonPayload\06-02-2019_0604PM\testScenario_for_API__AddFeeLoanAccount_Fixedcreate24.json,C:\ACorn\jsonWorkbench\expectedResults\06-02-2019_0604PM\expectedResults_for_API__AddFeeLoanAccount_Fixedcreate24.json,C:\ACorn\jsonWorkbench\urlParameters\06-02-2019_0604PM\urlInputFields_for_API__AddFeeLoanAccount_Fixedcreate24.json
25,C:\ACorn\jsonPayload\06-02-2019_0604PM\testScenario_for_API__AddFeeLoanAccount_Fixedcreate25.json,C:\ACorn\jsonWorkbench\expectedResults\06-02-2019_0604PM\expectedResults_for_API__AddFeeLoanAccount_Fixedcreate25.json,C:\ACorn\jsonWorkbench\urlParameters\06-02-2019_0604PM\urlInputFields_for_API__AddFeeLoanAccount_Fixedcreate25.json
26,C:\ACorn\jsonPayload\06-02-2019_0604PM\testScenario_for_API__AddFeeLoanAccount_Fixedcreate26.json,C:\ACorn\jsonWorkbench\expectedResults\06-02-2019_0604PM\expectedResults_for_API__AddFeeLoanAccount_Fixedcreate26.json,C:\ACorn\jsonWorkbench\urlParameters\06-02-2019_0604PM\urlInputFields_for_API__AddFeeLoanAccount_Fixedcreate26.json
27,C:\ACorn\jsonPayload\06-02-2019_0604PM\testScenario_for_API__AddFeeLoanAccount_Fixedcreate27.json,C:\ACorn\jsonWorkbench\expectedResults\06-02-2019_0604PM\expectedResults_for_API__AddFeeLoanAccount_Fixedcreate27.json,C:\ACorn\jsonWorkbench\urlParameters\06-02-2019_0604PM\urlInputFields_for_API__AddFeeLoanAccount_Fixedcreate27.json
28,C:\ACorn\jsonPayload\06-02-2019_0604PM\testScenario_for_API__AddFeeLoanAccount_Fixedcreate28.json,C:\ACorn\jsonWorkbench\expectedResults\06-02-2019_0604PM\expectedResults_for_API__AddFeeLoanAccount_Fixedcreate28.json,C:\ACorn\jsonWorkbench\urlParameters\06-02-2019_0604PM\urlInputFields_for_API__AddFeeLoanAccount_Fixedcreate28.json
29,C:\ACorn\jsonPayload\06-02-2019_0604PM\testScenario_for_API__AddFeeLoanAccount_Fixedcreate29.json,C:\ACorn\jsonWorkbench\expectedResults\06-02-2019_0604PM\expectedResults_for_API__AddFeeLoanAccount_Fixedcreate29.json,C:\ACorn\jsonWorkbench\urlParameters\06-02-2019_0604PM\urlInputFields_for_API__AddFeeLoanAccount_Fixedcreate29.json
30,C:\ACorn\jsonPayload\06-02-2019_0604PM\testScenario_for_API__AddFeeLoanAccount_Fixedcreate30.json,C:\ACorn\jsonWorkbench\expectedResults\06-02-2019_0604PM\expectedResults_for_API__AddFeeLoanAccount_Fixedcreate30.json,C:\ACorn\jsonWorkbench\urlParameters\06-02-2019_0604PM\urlInputFields_for_API__AddFeeLoanAccount_Fixedcreate30.json
31,C:\ACorn\jsonPayload\06-02-2019_0604PM\testScenario_for_API__AddFeeLoanAccount_Fixedcreate31.json,C:\ACorn\jsonWorkbench\expectedResults\06-02-2019_0604PM\expectedResults_for_API__AddFeeLoanAccount_Fixedcreate31.json,C:\ACorn\jsonWorkbench\urlParameters\06-02-2019_0604PM\urlInputFields_for_API__AddFeeLoanAccount_Fixedcreate31.json
32,C:\ACorn\jsonPayload\06-02-2019_0604PM\testScenario_for_API__AddFeeLoanAccount_Fixedcreate32.json,C:\ACorn\jsonWorkbench\expectedResults\06-02-2019_0604PM\expectedResults_for_API__AddFeeLoanAccount_Fixedcreate32.json,C:\ACorn\jsonWorkbench\urlParameters\06-02-2019_0604PM\urlInputFields_for_API__AddFeeLoanAccount_Fixedcreate32.json
33,C:\ACorn\jsonPayload\06-02-2019_0604PM\testScenario_for_API__AddFeeLoanAccount_Fixedcreate33.json,C:\ACorn\jsonWorkbench\expectedResults\06-02-2019_0604PM\expectedResults_for_API__AddFeeLoanAccount_Fixedcreate33.json,C:\ACorn\jsonWorkbench\urlParameters\06-02-2019_0604PM\urlInputFields_for_API__AddFeeLoanAccount_Fixedcreate33.json
34,C:\ACorn\jsonPayload\06-02-2019_0604PM\testScenario_for_API__AddFeeLoanAccount_Fixedcreate34.json,C:\ACorn\jsonWorkbench\expectedResults\06-02-2019_0604PM\expectedResults_for_API__AddFeeLoanAccount_Fixedcreate34.json,C:\ACorn\jsonWorkbench\urlParameters\06-02-2019_0604PM\urlInputFields_for_API__AddFeeLoanAccount_Fixedcreate34.json
35,C:\ACorn\jsonPayload\06-02-2019_0604PM\testScenario_for_API__AddFeeLoanAccount_Fixedcreate35.json,C:\ACorn\jsonWorkbench\expectedResults\06-02-2019_0604PM\expectedResults_for_API__AddFeeLoanAccount_Fixedcreate35.json,C:\ACorn\jsonWorkbench\urlParameters\06-02-2019_0604PM\urlInputFields_for_API__AddFeeLoanAccount_Fixedcreate35.json
36,C:\ACorn\jsonPayload\06-02-2019_0604PM\testScenario_for_API__AddFeeLoanAccount_Fixedcreate36.json,C:\ACorn\jsonWorkbench\expectedResults\06-02-2019_0604PM\expectedResults_for_API__AddFeeLoanAccount_Fixedcreate36.json,C:\ACorn\jsonWorkbench\urlParameters\06-02-2019_0604PM\urlInputFields_for_API__AddFeeLoanAccount_Fixedcreate36.json
37,C:\ACorn\jsonPayload\06-02-2019_0604PM\testScenario_for_API__AddFeeLoanAccount_Fixedcreate37.json,C:\ACorn\jsonWorkbench\expectedResults\06-02-2019_0604PM\expectedResults_for_API__AddFeeLoanAccount_Fixedcreate37.json,C:\ACorn\jsonWorkbench\urlParameters\06-02-2019_0604PM\urlInputFields_for_API__AddFeeLoanAccount_Fixedcreate37.json
38,C:\ACorn\jsonPayload\06-02-2019_0604PM\testScenario_for_API__AddFeeLoanAccount_Fixedcreate38.json,C:\ACorn\jsonWorkbench\expectedResults\06-02-2019_0604PM\expectedResults_for_API__AddFeeLoanAccount_Fixedcreate38.json,C:\ACorn\jsonWorkbench\urlParameters\06-02-2019_0604PM\urlInputFields_for_API__AddFeeLoanAccount_Fixedcreate38.json
39,C:\ACorn\jsonPayload\06-02-2019_0604PM\testScenario_for_API__AddFeeLoanAccount_Fixedcreate39.json,C:\ACorn\jsonWorkbench\expectedResults\06-02-2019_0604PM\expectedResults_for_API__AddFeeLoanAccount_Fixedcreate39.json,C:\ACorn\jsonWorkbench\urlParameters\06-02-2019_0604PM\urlInputFields_for_API__AddFeeLoanAccount_Fixedcreate39.json
40,C:\ACorn\jsonPayload\06-02-2019_0604PM\testScenario_for_API__AddFeeLoanAccount_Fixedcreate40.json,C:\ACorn\jsonWorkbench\expectedResults\06-02-2019_0604PM\expectedResults_for_API__AddFeeLoanAccount_Fixedcreate40.json,C:\ACorn\jsonWorkbench\urlParameters\06-02-2019_0604PM\urlInputFields_for_API__AddFeeLoanAccount_Fixedcreate40.json
41,C:\ACorn\jsonPayload\06-02-2019_0604PM\testScenario_for_API__AddFeeLoanAccount_Fixedcreate41.json,C:\ACorn\jsonWorkbench\expectedResults\06-02-2019_0604PM\expectedResults_for_API__AddFeeLoanAccount_Fixedcreate41.json,C:\ACorn\jsonWorkbench\urlParameters\06-02-2019_0604PM\urlInputFields_for_API__AddFeeLoanAccount_Fixedcreate41.json
42,C:\ACorn\jsonPayload\06-02-2019_0604PM\testScenario_for_API__AddFeeLoanAccount_Fixedcreate42.json,C:\ACorn\jsonWorkbench\expectedResults\06-02-2019_0604PM\expectedResults_for_API__AddFeeLoanAccount_Fixedcreate42.json,C:\ACorn\jsonWorkbench\urlParameters\06-02-2019_0604PM\urlInputFields_for_API__AddFeeLoanAccount_Fixedcreate42.json
43,C:\ACorn\jsonPayload\06-02-2019_0604PM\testScenario_for_API__AddFeeLoanAccount_Fixedcreate43.json,C:\ACorn\jsonWorkbench\expectedResults\06-02-2019_0604PM\expectedResults_for_API__AddFeeLoanAccount_Fixedcreate43.json,C:\ACorn\jsonWorkbench\urlParameters\06-02-2019_0604PM\urlInputFields_for_API__AddFeeLoanAccount_Fixedcreate43.json
44,C:\ACorn\jsonPayload\06-02-2019_0604PM\testScenario_for_API__AddFeeLoanAccount_Fixedcreate44.json,C:\ACorn\jsonWorkbench\expectedResults\06-02-2019_0604PM\expectedResults_for_API__AddFeeLoanAccount_Fixedcreate44.json,C:\ACorn\jsonWorkbench\urlParameters\06-02-2019_0604PM\urlInputFields_for_API__AddFeeLoanAccount_Fixedcreate44.json
45,C:\ACorn\jsonPayload\06-02-2019_0604PM\testScenario_for_API__AddFeeLoanAccount_Fixedcreate45.json,C:\ACorn\jsonWorkbench\expectedResults\06-02-2019_0604PM\expectedResults_for_API__AddFeeLoanAccount_Fixedcreate45.json,C:\ACorn\jsonWorkbench\urlParameters\06-02-2019_0604PM\urlInputFields_for_API__AddFeeLoanAccount_Fixedcreate45.json
46,C:\ACorn\jsonPayload\06-02-2019_0604PM\testScenario_for_API__AddFeeLoanAccount_Fixedcreate46.json,C:\ACorn\jsonWorkbench\expectedResults\06-02-2019_0604PM\expectedResults_for_API__AddFeeLoanAccount_Fixedcreate46.json,C:\ACorn\jsonWorkbench\urlParameters\06-02-2019_0604PM\urlInputFields_for_API__AddFeeLoanAccount_Fixedcreate46.json
47,C:\ACorn\jsonPayload\06-02-2019_0604PM\testScenario_for_API__AddFeeLoanAccount_Fixedcreate47.json,C:\ACorn\jsonWorkbench\expectedResults\06-02-2019_0604PM\expectedResults_for_API__AddFeeLoanAccount_Fixedcreate47.json,C:\ACorn\jsonWorkbench\urlParameters\06-02-2019_0604PM\urlInputFields_for_API__AddFeeLoanAccount_Fixedcreate47.json
48,C:\ACorn\jsonPayload\06-02-2019_0604PM\testScenario_for_API__AddFeeLoanAccount_Fixedcreate48.json,C:\ACorn\jsonWorkbench\expectedResults\06-02-2019_0604PM\expectedResults_for_API__AddFeeLoanAccount_Fixedcreate48.json,C:\ACorn\jsonWorkbench\urlParameters\06-02-2019_0604PM\urlInputFields_for_API__AddFeeLoanAccount_Fixedcreate48.json
49,C:\ACorn\jsonPayload\06-02-2019_0604PM\testScenario_for_API__AddFeeLoanAccount_Fixedcreate49.json,C:\ACorn\jsonWorkbench\expectedResults\06-02-2019_0604PM\expectedResults_for_API__AddFeeLoanAccount_Fixedcreate49.json,C:\ACorn\jsonWorkbench\urlParameters\06-02-2019_0604PM\urlInputFields_for_API__AddFeeLoanAccount_Fixedcreate49.json
50,C:\ACorn\jsonPayload\06-02-2019_0604PM\testScenario_for_API__AddFeeLoanAccount_Fixedcreate50.json,C:\ACorn\jsonWorkbench\expectedResults\06-02-2019_0604PM\expectedResults_for_API__AddFeeLoanAccount_Fixedcreate50.json,C:\ACorn\jsonWorkbench\urlParameters\06-02-2019_0604PM\urlInputFields_for_API__AddFeeLoanAccount_Fixedcreate50.json
51,C:\ACorn\jsonPayload\06-02-2019_0604PM\testScenario_for_API__AddFeeLoanAccount_Fixedcreate51.json,C:\ACorn\jsonWorkbench\expectedResults\06-02-2019_0604PM\expectedResults_for_API__AddFeeLoanAccount_Fixedcreate51.json,C:\ACorn\jsonWorkbench\urlParameters\06-02-2019_0604PM\urlInputFields_for_API__AddFeeLoanAccount_Fixedcreate51.json
52,C:\ACorn\jsonPayload\06-02-2019_0604PM\testScenario_for_API__AddFeeLoanAccount_Fixedcreate52.json,C:\ACorn\jsonWorkbench\expectedResults\06-02-2019_0604PM\expectedResults_for_API__AddFeeLoanAccount_Fixedcreate52.json,C:\ACorn\jsonWorkbench\urlParameters\06-02-2019_0604PM\urlInputFields_for_API__AddFeeLoanAccount_Fixedcreate52.json
53,C:\ACorn\jsonPayload\06-02-2019_0604PM\testScenario_for_API__AddFeeLoanAccount_Fixedcreate53.json,C:\ACorn\jsonWorkbench\expectedResults\06-02-2019_0604PM\expectedResults_for_API__AddFeeLoanAccount_Fixedcreate53.json,C:\ACorn\jsonWorkbench\urlParameters\06-02-2019_0604PM\urlInputFields_for_API__AddFeeLoanAccount_Fixedcreate53.json
54,C:\ACorn\jsonPayload\06-02-2019_0604PM\testScenario_for_API__AddFeeLoanAccount_Fixedcreate54.json,C:\ACorn\jsonWorkbench\expectedResults\06-02-2019_0604PM\expectedResults_for_API__AddFeeLoanAccount_Fixedcreate54.json,C:\ACorn\jsonWorkbench\urlParameters\06-02-2019_0604PM\urlInputFields_for_API__AddFeeLoanAccount_Fixedcreate54.json
55,C:\ACorn\jsonPayload\06-02-2019_0604PM\testScenario_for_API__AddFeeLoanAccount_Fixedcreate55.json,C:\ACorn\jsonWorkbench\expectedResults\06-02-2019_0604PM\expectedResults_for_API__AddFeeLoanAccount_Fixedcreate55.json,C:\ACorn\jsonWorkbench\urlParameters\06-02-2019_0604PM\urlInputFields_for_API__AddFeeLoanAccount_Fixedcreate55.json
56,C:\ACorn\jsonPayload\06-02-2019_0604PM\testScenario_for_API__AddFeeLoanAccount_Fixedcreate56.json,C:\ACorn\jsonWorkbench\expectedResults\06-02-2019_0604PM\expectedResults_for_API__AddFeeLoanAccount_Fixedcreate56.json,C:\ACorn\jsonWorkbench\urlParameters\06-02-2019_0604PM\urlInputFields_for_API__AddFeeLoanAccount_Fixedcreate56.json
57,C:\ACorn\jsonPayload\06-02-2019_0604PM\testScenario_for_API__AddFeeLoanAccount_Fixedcreate57.json,C:\ACorn\jsonWorkbench\expectedResults\06-02-2019_0604PM\expectedResults_for_API__AddFeeLoanAccount_Fixedcreate57.json,C:\ACorn\jsonWorkbench\urlParameters\06-02-2019_0604PM\urlInputFields_for_API__AddFeeLoanAccount_Fixedcreate57.json
58,C:\ACorn\jsonPayload\06-02-2019_0604PM\testScenario_for_API__AddFeeLoanAccount_Fixedcreate58.json,C:\ACorn\jsonWorkbench\expectedResults\06-02-2019_0604PM\expectedResults_for_API__AddFeeLoanAccount_Fixedcreate58.json,C:\ACorn\jsonWorkbench\urlParameters\06-02-2019_0604PM\urlInputFields_for_API__AddFeeLoanAccount_Fixedcreate58.json
59,C:\ACorn\jsonPayload\06-02-2019_0604PM\testScenario_for_API__AddFeeLoanAccount_Fixedcreate59.json,C:\ACorn\jsonWorkbench\expectedResults\06-02-2019_0604PM\expectedResults_for_API__AddFeeLoanAccount_Fixedcreate59.json,C:\ACorn\jsonWorkbench\urlParameters\06-02-2019_0604PM\urlInputFields_for_API__AddFeeLoanAccount_Fixedcreate59.json
60,C:\ACorn\jsonPayload\06-02-2019_0604PM\testScenario_for_API__AddFeeLoanAccount_Fixedcreate60.json,C:\ACorn\jsonWorkbench\expectedResults\06-02-2019_0604PM\expectedResults_for_API__AddFeeLoanAccount_Fixedcreate60.json,C:\ACorn\jsonWorkbench\urlParameters\06-02-2019_0604PM\urlInputFields_for_API__AddFeeLoanAccount_Fixedcreate60.json
61,C:\ACorn\jsonPayload\06-02-2019_0604PM\testScenario_for_API__AddFeeLoanAccount_Fixedcreate61.json,C:\ACorn\jsonWorkbench\expectedResults\06-02-2019_0604PM\expectedResults_for_API__AddFeeLoanAccount_Fixedcreate61.json,C:\ACorn\jsonWorkbench\urlParameters\06-02-2019_0604PM\urlInputFields_for_API__AddFeeLoanAccount_Fixedcreate61.json
62,C:\ACorn\jsonPayload\06-02-2019_0604PM\testScenario_for_API__AddFeeLoanAccount_Fixedcreate62.json,C:\ACorn\jsonWorkbench\expectedResults\06-02-2019_0604PM\expectedResults_for_API__AddFeeLoanAccount_Fixedcreate62.json,C:\ACorn\jsonWorkbench\urlParameters\06-02-2019_0604PM\urlInputFields_for_API__AddFeeLoanAccount_Fixedcreate62.json
63,C:\ACorn\jsonPayload\06-02-2019_0604PM\testScenario_for_API__AddFeeLoanAccount_Fixedcreate63.json,C:\ACorn\jsonWorkbench\expectedResults\06-02-2019_0604PM\expectedResults_for_API__AddFeeLoanAccount_Fixedcreate63.json,C:\ACorn\jsonWorkbench\urlParameters\06-02-2019_0604PM\urlInputFields_for_API__AddFeeLoanAccount_Fixedcreate63.json
64,C:\ACorn\jsonPayload\06-02-2019_0604PM\testScenario_for_API__AddFeeLoanAccount_Fixedcreate64.json,C:\ACorn\jsonWorkbench\expectedResults\06-02-2019_0604PM\expectedResults_for_API__AddFeeLoanAccount_Fixedcreate64.json,C:\ACorn\jsonWorkbench\urlParameters\06-02-2019_0604PM\urlInputFields_for_API__AddFeeLoanAccount_Fixedcreate64.json
65,C:\ACorn\jsonPayload\06-02-2019_0604PM\testScenario_for_API__AddFeeLoanAccount_Fixedcreate65.json,C:\ACorn\jsonWorkbench\expectedResults\06-02-2019_0604PM\expectedResults_for_API__AddFeeLoanAccount_Fixedcreate65.json,C:\ACorn\jsonWorkbench\urlParameters\06-02-2019_0604PM\urlInputFields_for_API__AddFeeLoanAccount_Fixedcreate65.json
66,C:\ACorn\jsonPayload\06-02-2019_0604PM\testScenario_for_API__AddFeeLoanAccount_Fixedcreate66.json,C:\ACorn\jsonWorkbench\expectedResults\06-02-2019_0604PM\expectedResults_for_API__AddFeeLoanAccount_Fixedcreate66.json,C:\ACorn\jsonWorkbench\urlParameters\06-02-2019_0604PM\urlInputFields_for_API__AddFeeLoanAccount_Fixedcreate66.json
67,C:\ACorn\jsonPayload\06-02-2019_0604PM\testScenario_for_API__AddFeeLoanAccount_Fixedcreate67.json,C:\ACorn\jsonWorkbench\expectedResults\06-02-2019_0604PM\expectedResults_for_API__AddFeeLoanAccount_Fixedcreate67.json,C:\ACorn\jsonWorkbench\urlParameters\06-02-2019_0604PM\urlInputFields_for_API__AddFeeLoanAccount_Fixedcreate67.json
68,C:\ACorn\jsonPayload\06-02-2019_0604PM\testScenario_for_API__AddFeeLoanAccount_Fixedcreate68.json,C:\ACorn\jsonWorkbench\expectedResults\06-02-2019_0604PM\expectedResults_for_API__AddFeeLoanAccount_Fixedcreate68.json,C:\ACorn\jsonWorkbench\urlParameters\06-02-2019_0604PM\urlInputFields_for_API__AddFeeLoanAccount_Fixedcreate68.json
69,C:\ACorn\jsonPayload\06-02-2019_0604PM\testScenario_for_API__AddFeeLoanAccount_Fixedcreate69.json,C:\ACorn\jsonWorkbench\expectedResults\06-02-2019_0604PM\expectedResults_for_API__AddFeeLoanAccount_Fixedcreate69.json,C:\ACorn\jsonWorkbench\urlParameters\06-02-2019_0604PM\urlInputFields_for_API__AddFeeLoanAccount_Fixedcreate69.json
70,C:\ACorn\jsonPayload\06-02-2019_0604PM\testScenario_for_API__AddFeeLoanAccount_Fixedcreate70.json,C:\ACorn\jsonWorkbench\expectedResults\06-02-2019_0604PM\expectedResults_for_API__AddFeeLoanAccount_Fixedcreate70.json,C:\ACorn\jsonWorkbench\urlParameters\06-02-2019_0604PM\urlInputFields_for_API__AddFeeLoanAccount_Fixedcreate70.json
71,C:\ACorn\jsonPayload\06-02-2019_0604PM\testScenario_for_API__AddFeeLoanAccount_Fixedcreate71.json,C:\ACorn\jsonWorkbench\expectedResults\06-02-2019_0604PM\expectedResults_for_API__AddFeeLoanAccount_Fixedcreate71.json,C:\ACorn\jsonWorkbench\urlParameters\06-02-2019_0604PM\urlInputFields_for_API__AddFeeLoanAccount_Fixedcreate71.json
72,C:\ACorn\jsonPayload\06-02-2019_0604PM\testScenario_for_API__AddFeeLoanAccount_Fixedcreate72.json,C:\ACorn\jsonWorkbench\expectedResults\06-02-2019_0604PM\expectedResults_for_API__AddFeeLoanAccount_Fixedcreate72.json,C:\ACorn\jsonWorkbench\urlParameters\06-02-2019_0604PM\urlInputFields_for_API__AddFeeLoanAccount_Fixedcreate72.json
73,C:\ACorn\jsonPayload\06-02-2019_0604PM\testScenario_for_API__AddFeeLoanAccount_Fixedcreate73.json,C:\ACorn\jsonWorkbench\expectedResults\06-02-2019_0604PM\expectedResults_for_API__AddFeeLoanAccount_Fixedcreate73.json,C:\ACorn\jsonWorkbench\urlParameters\06-02-2019_0604PM\urlInputFields_for_API__AddFeeLoanAccount_Fixedcreate73.json
74,C:\ACorn\jsonPayload\06-02-2019_0604PM\testScenario_for_API__AddFeeLoanAccount_Fixedcreate74.json,C:\ACorn\jsonWorkbench\expectedResults\06-02-2019_0604PM\expectedResults_for_API__AddFeeLoanAccount_Fixedcreate74.json,C:\ACorn\jsonWorkbench\urlParameters\06-02-2019_0604PM\urlInputFields_for_API__AddFeeLoanAccount_Fixedcreate74.json
75,C:\ACorn\jsonPayload\06-02-2019_0604PM\testScenario_for_API__AddFeeLoanAccount_Fixedcreate75.json,C:\ACorn\jsonWorkbench\expectedResults\06-02-2019_0604PM\expectedResults_for_API__AddFeeLoanAccount_Fixedcreate75.json,C:\ACorn\jsonWorkbench\urlParameters\06-02-2019_0604PM\urlInputFields_for_API__AddFeeLoanAccount_Fixedcreate75.json
76,C:\ACorn\jsonPayload\06-02-2019_0604PM\testScenario_for_API__AddFeeLoanAccount_Fixedcreate76.json,C:\ACorn\jsonWorkbench\expectedResults\06-02-2019_0604PM\expectedResults_for_API__AddFeeLoanAccount_Fixedcreate76.json,C:\ACorn\jsonWorkbench\urlParameters\06-02-2019_0604PM\urlInputFields_for_API__AddFeeLoanAccount_Fixedcreate76.json
77,C:\ACorn\jsonPayload\06-02-2019_0604PM\testScenario_for_API__AddFeeLoanAccount_Fixedcreate77.json,C:\ACorn\jsonWorkbench\expectedResults\06-02-2019_0604PM\expectedResults_for_API__AddFeeLoanAccount_Fixedcreate77.json,C:\ACorn\jsonWorkbench\urlParameters\06-02-2019_0604PM\urlInputFields_for_API__AddFeeLoanAccount_Fixedcreate77.json
78,C:\ACorn\jsonPayload\06-02-2019_0604PM\testScenario_for_API__AddFeeLoanAccount_Fixedcreate78.json,C:\ACorn\jsonWorkbench\expectedResults\06-02-2019_0604PM\expectedResults_for_API__AddFeeLoanAccount_Fixedcreate78.json,C:\ACorn\jsonWorkbench\urlParameters\06-02-2019_0604PM\urlInputFields_for_API__AddFeeLoanAccount_Fixedcreate78.json
79,C:\ACorn\jsonPayload\06-02-2019_0604PM\testScenario_for_API__AddFeeLoanAccount_Fixedcreate79.json,C:\ACorn\jsonWorkbench\expectedResults\06-02-2019_0604PM\expectedResults_for_API__AddFeeLoanAccount_Fixedcreate79.json,C:\ACorn\jsonWorkbench\urlParameters\06-02-2019_0604PM\urlInputFields_for_API__AddFeeLoanAccount_Fixedcreate79.json
80,C:\ACorn\jsonPayload\06-02-2019_0604PM\testScenario_for_API__AddFeeLoanAccount_Fixedcreate80.json,C:\ACorn\jsonWorkbench\expectedResults\06-02-2019_0604PM\expectedResults_for_API__AddFeeLoanAccount_Fixedcreate80.json,C:\ACorn\jsonWorkbench\urlParameters\06-02-2019_0604PM\urlInputFields_for_API__AddFeeLoanAccount_Fixedcreate80.json
81,C:\ACorn\jsonPayload\06-02-2019_0604PM\testScenario_for_API__AddFeeLoanAccount_Fixedcreate81.json,C:\ACorn\jsonWorkbench\expectedResults\06-02-2019_0604PM\expectedResults_for_API__AddFeeLoanAccount_Fixedcreate81.json,C:\ACorn\jsonWorkbench\urlParameters\06-02-2019_0604PM\urlInputFields_for_API__AddFeeLoanAccount_Fixedcreate81.json
82,C:\ACorn\jsonPayload\06-02-2019_0604PM\testScenario_for_API__AddFeeLoanAccount_Fixedcreate82.json,C:\ACorn\jsonWorkbench\expectedResults\06-02-2019_0604PM\expectedResults_for_API__AddFeeLoanAccount_Fixedcreate82.json,C:\ACorn\jsonWorkbench\urlParameters\06-02-2019_0604PM\urlInputFields_for_API__AddFeeLoanAccount_Fixedcreate82.json
83,C:\ACorn\jsonPayload\06-02-2019_0604PM\testScenario_for_API__AddFeeLoanAccount_Fixedcreate83.json,C:\ACorn\jsonWorkbench\expectedResults\06-02-2019_0604PM\expectedResults_for_API__AddFeeLoanAccount_Fixedcreate83.json,C:\ACorn\jsonWorkbench\urlParameters\06-02-2019_0604PM\urlInputFields_for_API__AddFeeLoanAccount_Fixedcreate83.json
84,C:\ACorn\jsonPayload\06-02-2019_0604PM\testScenario_for_API__AddFeeLoanAccount_Fixedcreate84.json,C:\ACorn\jsonWorkbench\expectedResults\06-02-2019_0604PM\expectedResults_for_API__AddFeeLoanAccount_Fixedcreate84.json,C:\ACorn\jsonWorkbench\urlParameters\06-02-2019_0604PM\urlInputFields_for_API__AddFeeLoanAccount_Fixedcreate84.json
85,C:\ACorn\jsonPayload\06-02-2019_0604PM\testScenario_for_API__AddFeeLoanAccount_Fixedcreate85.json,C:\ACorn\jsonWorkbench\expectedResults\06-02-2019_0604PM\expectedResults_for_API__AddFeeLoanAccount_Fixedcreate85.json,C:\ACorn\jsonWorkbench\urlParameters\06-02-2019_0604PM\urlInputFields_for_API__AddFeeLoanAccount_Fixedcreate85.json
86,C:\ACorn\jsonPayload\06-02-2019_0604PM\testScenario_for_API__AddFeeLoanAccount_Fixedcreate86.json,C:\ACorn\jsonWorkbench\expectedResults\06-02-2019_0604PM\expectedResults_for_API__AddFeeLoanAccount_Fixedcreate86.json,C:\ACorn\jsonWorkbench\urlParameters\06-02-2019_0604PM\urlInputFields_for_API__AddFeeLoanAccount_Fixedcreate86.json
87,C:\ACorn\jsonPayload\06-02-2019_0604PM\testScenario_for_API__AddFeeLoanAccount_Fixedcreate87.json,C:\ACorn\jsonWorkbench\expectedResults\06-02-2019_0604PM\expectedResults_for_API__AddFeeLoanAccount_Fixedcreate87.json,C:\ACorn\jsonWorkbench\urlParameters\06-02-2019_0604PM\urlInputFields_for_API__AddFeeLoanAccount_Fixedcreate87.json
88,C:\ACorn\jsonPayload\06-02-2019_0604PM\testScenario_for_API__AddFeeLoanAccount_Fixedcreate88.json,C:\ACorn\jsonWorkbench\expectedResults\06-02-2019_0604PM\expectedResults_for_API__AddFeeLoanAccount_Fixedcreate88.json,C:\ACorn\jsonWorkbench\urlParameters\06-02-2019_0604PM\urlInputFields_for_API__AddFeeLoanAccount_Fixedcreate88.json
89,C:\ACorn\jsonPayload\06-02-2019_0604PM\testScenario_for_API__AddFeeLoanAccount_Fixedcreate89.json,C:\ACorn\jsonWorkbench\expectedResults\06-02-2019_0604PM\expectedResults_for_API__AddFeeLoanAccount_Fixedcreate89.json,C:\ACorn\jsonWorkbench\urlParameters\06-02-2019_0604PM\urlInputFields_for_API__AddFeeLoanAccount_Fixedcreate89.json
90,C:\ACorn\jsonPayload\06-02-2019_0604PM\testScenario_for_API__AddFeeLoanAccount_Fixedcreate90.json,C:\ACorn\jsonWorkbench\expectedResults\06-02-2019_0604PM\expectedResults_for_API__AddFeeLoanAccount_Fixedcreate90.json,C:\ACorn\jsonWorkbench\urlParameters\06-02-2019_0604PM\urlInputFields_for_API__AddFeeLoanAccount_Fixedcreate90.json
91,C:\ACorn\jsonPayload\06-02-2019_0604PM\testScenario_for_API__AddFeeLoanAccount_Fixedcreate91.json,C:\ACorn\jsonWorkbench\expectedResults\06-02-2019_0604PM\expectedResults_for_API__AddFeeLoanAccount_Fixedcreate91.json,C:\ACorn\jsonWorkbench\urlParameters\06-02-2019_0604PM\urlInputFields_for_API__AddFeeLoanAccount_Fixedcreate91.json
92,C:\ACorn\jsonPayload\06-02-2019_0604PM\testScenario_for_API__AddFeeLoanAccount_Fixedcreate92.json,C:\ACorn\jsonWorkbench\expectedResults\06-02-2019_0604PM\expectedResults_for_API__AddFeeLoanAccount_Fixedcreate92.json,C:\ACorn\jsonWorkbench\urlParameters\06-02-2019_0604PM\urlInputFields_for_API__AddFeeLoanAccount_Fixedcreate92.json
93,C:\ACorn\jsonPayload\06-02-2019_0604PM\testScenario_for_API__AddFeeLoanAccount_Fixedcreate93.json,C:\ACorn\jsonWorkbench\expectedResults\06-02-2019_0604PM\expectedResults_for_API__AddFeeLoanAccount_Fixedcreate93.json,C:\ACorn\jsonWorkbench\urlParameters\06-02-2019_0604PM\urlInputFields_for_API__AddFeeLoanAccount_Fixedcreate93.json
94,C:\ACorn\jsonPayload\06-02-2019_0604PM\testScenario_for_API__AddFeeLoanAccount_Fixedcreate94.json,C:\ACorn\jsonWorkbench\expectedResults\06-02-2019_0604PM\expectedResults_for_API__AddFeeLoanAccount_Fixedcreate94.json,C:\ACorn\jsonWorkbench\urlParameters\06-02-2019_0604PM\urlInputFields_for_API__AddFeeLoanAccount_Fixedcreate94.json
95,C:\ACorn\jsonPayload\06-02-2019_0604PM\testScenario_for_API__AddFeeLoanAccount_Fixedcreate95.json,C:\ACorn\jsonWorkbench\expectedResults\06-02-2019_0604PM\expectedResults_for_API__AddFeeLoanAccount_Fixedcreate95.json,C:\ACorn\jsonWorkbench\urlParameters\06-02-2019_0604PM\urlInputFields_for_API__AddFeeLoanAccount_Fixedcreate95.json
96,C:\ACorn\jsonPayload\06-02-2019_0604PM\testScenario_for_API__AddFeeLoanAccount_Fixedcreate96.json,C:\ACorn\jsonWorkbench\expectedResults\06-02-2019_0604PM\expectedResults_for_API__AddFeeLoanAccount_Fixedcreate96.json,C:\ACorn\jsonWorkbench\urlParameters\06-02-2019_0604PM\urlInputFields_for_API__AddFeeLoanAccount_Fixedcreate96.json
97,C:\ACorn\jsonPayload\06-02-2019_0604PM\testScenario_for_API__AddFeeLoanAccount_Fixedcreate97.json,C:\ACorn\jsonWorkbench\expectedResults\06-02-2019_0604PM\expectedResults_for_API__AddFeeLoanAccount_Fixedcreate97.json,C:\ACorn\jsonWorkbench\urlParameters\06-02-2019_0604PM\urlInputFields_for_API__AddFeeLoanAccount_Fixedcreate97.json
98,C:\ACorn\jsonPayload\06-02-2019_0604PM\testScenario_for_API__AddFeeLoanAccount_Fixedcreate98.json,C:\ACorn\jsonWorkbench\expectedResults\06-02-2019_0604PM\expectedResults_for_API__AddFeeLoanAccount_Fixedcreate98.json,C:\ACorn\jsonWorkbench\urlParameters\06-02-2019_0604PM\urlInputFields_for_API__AddFeeLoanAccount_Fixedcreate98.json
99,C:\ACorn\jsonPayload\06-02-2019_0604PM\testScenario_for_API__AddFeeLoanAccount_Fixedcreate99.json,C:\ACorn\jsonWorkbench\expectedResults\06-02-2019_0604PM\expectedResults_for_API__AddFeeLoanAccount_Fixedcreate99.json,C:\ACorn\jsonWorkbench\urlParameters\06-02-2019_0604PM\urlInputFields_for_API__AddFeeLoanAccount_Fixedcreate99.json
100,C:\ACorn\jsonPayload\06-02-2019_0604PM\testScenario_for_API__AddFeeLoanAccount_Fixedcreate100.json,C:\ACorn\jsonWorkbench\expectedResults\06-02-2019_0604PM\expectedResults_for_API__AddFeeLoanAccount_Fixedcreate100.json,C:\ACorn\jsonWorkbench\urlParameters\06-02-2019_0604PM\urlInputFields_for_API__AddFeeLoanAccount_Fixedcreate100.json
101,C:\ACorn\jsonPayload\06-02-2019_0604PM\testScenario_for_API__AddFeeLoanAccount_Fixedcreate101.json,C:\ACorn\jsonWorkbench\expectedResults\06-02-2019_0604PM\expectedResults_for_API__AddFeeLoanAccount_Fixedcreate101.json,C:\ACorn\jsonWorkbench\urlParameters\06-02-2019_0604PM\urlInputFields_for_API__AddFeeLoanAccount_Fixedcreate101.json
102,C:\ACorn\jsonPayload\06-02-2019_0604PM\testScenario_for_API__AddFeeLoanAccount_Fixedcreate102.json,C:\ACorn\jsonWorkbench\expectedResults\06-02-2019_0604PM\expectedResults_for_API__AddFeeLoanAccount_Fixedcreate102.json,C:\ACorn\jsonWorkbench\urlParameters\06-02-2019_0604PM\urlInputFields_for_API__AddFeeLoanAccount_Fixedcreate102.json
103,C:\ACorn\jsonPayload\06-02-2019_0604PM\testScenario_for_API__AddFeeLoanAccount_Fixedcreate103.json,C:\ACorn\jsonWorkbench\expectedResults\06-02-2019_0604PM\expectedResults_for_API__AddFeeLoanAccount_Fixedcreate103.json,C:\ACorn\jsonWorkbench\urlParameters\06-02-2019_0604PM\urlInputFields_for_API__AddFeeLoanAccount_Fixedcreate103.json
104,C:\ACorn\jsonPayload\06-02-2019_0604PM\testScenario_for_API__AddFeeLoanAccount_Fixedcreate104.json,C:\ACorn\jsonWorkbench\expectedResults\06-02-2019_0604PM\expectedResults_for_API__AddFeeLoanAccount_Fixedcreate104.json,C:\ACorn\jsonWorkbench\urlParameters\06-02-2019_0604PM\urlInputFields_for_API__AddFeeLoanAccount_Fixedcreate104.json
105,C:\ACorn\jsonPayload\06-02-2019_0604PM\testScenario_for_API__AddFeeLoanAccount_Fixedcreate105.json,C:\ACorn\jsonWorkbench\expectedResults\06-02-2019_0604PM\expectedResults_for_API__AddFeeLoanAccount_Fixedcreate105.json,C:\ACorn\jsonWorkbench\urlParameters\06-02-2019_0604PM\urlInputFields_for_API__AddFeeLoanAccount_Fixedcreate105.json
106,C:\ACorn\jsonPayload\06-02-2019_0604PM\testScenario_for_API__AddFeeLoanAccount_Fixedcreate106.json,C:\ACorn\jsonWorkbench\expectedResults\06-02-2019_0604PM\expectedResults_for_API__AddFeeLoanAccount_Fixedcreate106.json,C:\ACorn\jsonWorkbench\urlParameters\06-02-2019_0604PM\urlInputFields_for_API__AddFeeLoanAccount_Fixedcreate106.json
107,C:\ACorn\jsonPayload\06-02-2019_0604PM\testScenario_for_API__AddFeeLoanAccount_Fixedcreate107.json,C:\ACorn\jsonWorkbench\expectedResults\06-02-2019_0604PM\expectedResults_for_API__AddFeeLoanAccount_Fixedcreate107.json,C:\ACorn\jsonWorkbench\urlParameters\06-02-2019_0604PM\urlInputFields_for_API__AddFeeLoanAccount_Fixedcreate107.json
108,C:\ACorn\jsonPayload\06-02-2019_0604PM\testScenario_for_API__AddFeeLoanAccount_Fixedcreate108.json,C:\ACorn\jsonWorkbench\expectedResults\06-02-2019_0604PM\expectedResults_for_API__AddFeeLoanAccount_Fixedcreate108.json,C:\ACorn\jsonWorkbench\urlParameters\06-02-2019_0604PM\urlInputFields_for_API__AddFeeLoanAccount_Fixedcreate108.json
109,C:\ACorn\jsonPayload\06-02-2019_0604PM\testScenario_for_API__AddFeeLoanAccount_Fixedcreate109.json,C:\ACorn\jsonWorkbench\expectedResults\06-02-2019_0604PM\expectedResults_for_API__AddFeeLoanAccount_Fixedcreate109.json,C:\ACorn\jsonWorkbench\urlParameters\06-02-2019_0604PM\urlInputFields_for_API__AddFeeLoanAccount_Fixedcreate109.json
110,C:\ACorn\jsonPayload\06-02-2019_0604PM\testScenario_for_API__AddFeeLoanAccount_Fixedcreate110.json,C:\ACorn\jsonWorkbench\expectedResults\06-02-2019_0604PM\expectedResults_for_API__AddFeeLoanAccount_Fixedcreate110.json,C:\ACorn\jsonWorkbench\urlParameters\06-02-2019_0604PM\urlInputFields_for_API__AddFeeLoanAccount_Fixedcreate110.json
111,C:\ACorn\jsonPayload\06-02-2019_0604PM\testScenario_for_API__AddFeeLoanAccount_Fixedcreate111.json,C:\ACorn\jsonWorkbench\expectedResults\06-02-2019_0604PM\expectedResults_for_API__AddFeeLoanAccount_Fixedcreate111.json,C:\ACorn\jsonWorkbench\urlParameters\06-02-2019_0604PM\urlInputFields_for_API__AddFeeLoanAccount_Fixedcreate111.json
112,C:\ACorn\jsonPayload\06-02-2019_0604PM\testScenario_for_API__AddFeeLoanAccount_Fixedcreate112.json,C:\ACorn\jsonWorkbench\expectedResults\06-02-2019_0604PM\expectedResults_for_API__AddFeeLoanAccount_Fixedcreate112.json,C:\ACorn\jsonWorkbench\urlParameters\06-02-2019_0604PM\urlInputFields_for_API__AddFeeLoanAccount_Fixedcreate112.json
113,C:\ACorn\jsonPayload\06-02-2019_0604PM\testScenario_for_API__AddFeeLoanAccount_Fixedcreate113.json,C:\ACorn\jsonWorkbench\expectedResults\06-02-2019_0604PM\expectedResults_for_API__AddFeeLoanAccount_Fixedcreate113.json,C:\ACorn\jsonWorkbench\urlParameters\06-02-2019_0604PM\urlInputFields_for_API__AddFeeLoanAccount_Fixedcreate113.json
114,C:\ACorn\jsonPayload\06-02-2019_0604PM\testScenario_for_API__AddFeeLoanAccount_Fixedcreate114.json,C:\ACorn\jsonWorkbench\expectedResults\06-02-2019_0604PM\expectedResults_for_API__AddFeeLoanAccount_Fixedcreate114.json,C:\ACorn\jsonWorkbench\urlParameters\06-02-2019_0604PM\urlInputFields_for_API__AddFeeLoanAccount_Fixedcreate114.json
115,C:\ACorn\jsonPayload\06-02-2019_0604PM\testScenario_for_API__AddFeeLoanAccount_Fixedcreate115.json,C:\ACorn\jsonWorkbench\expectedResults\06-02-2019_0604PM\expectedResults_for_API__AddFeeLoanAccount_Fixedcreate115.json,C:\ACorn\jsonWorkbench\urlParameters\06-02-2019_0604PM\urlInputFields_for_API__AddFeeLoanAccount_Fixedcreate115.json
116,C:\ACorn\jsonPayload\06-02-2019_0604PM\testScenario_for_API__AddFeeLoanAccount_Fixedcreate116.json,C:\ACorn\jsonWorkbench\expectedResults\06-02-2019_0604PM\expectedResults_for_API__AddFeeLoanAccount_Fixedcreate116.json,C:\ACorn\jsonWorkbench\urlParameters\06-02-2019_0604PM\urlInputFields_for_API__AddFeeLoanAccount_Fixedcreate116.json
117,C:\ACorn\jsonPayload\06-02-2019_0604PM\testScenario_for_API__AddFeeLoanAccount_Fixedcreate117.json,C:\ACorn\jsonWorkbench\expectedResults\06-02-2019_0604PM\expectedResults_for_API__AddFeeLoanAccount_Fixedcreate117.json,C:\ACorn\jsonWorkbench\urlParameters\06-02-2019_0604PM\urlInputFields_for_API__AddFeeLoanAccount_Fixedcreate117.json
118,C:\ACorn\jsonPayload\06-02-2019_0604PM\testScenario_for_API__AddFeeLoanAccount_Fixedcreate118.json,C:\ACorn\jsonWorkbench\expectedResults\06-02-2019_0604PM\expectedResults_for_API__AddFeeLoanAccount_Fixedcreate118.json,C:\ACorn\jsonWorkbench\urlParameters\06-02-2019_0604PM\urlInputFields_for_API__AddFeeLoanAccount_Fixedcreate118.json
119,C:\ACorn\jsonPayload\06-02-2019_0604PM\testScenario_for_API__AddFeeLoanAccount_Fixedcreate119.json,C:\ACorn\jsonWorkbench\expectedResults\06-02-2019_0604PM\expectedResults_for_API__AddFeeLoanAccount_Fixedcreate119.json,C:\ACorn\jsonWorkbench\urlParameters\06-02-2019_0604PM\urlInputFields_for_API__AddFeeLoanAccount_Fixedcreate119.json
120,C:\ACorn\jsonPayload\06-02-2019_0604PM\testScenario_for_API__AddFeeLoanAccount_Fixedcreate120.json,C:\ACorn\jsonWorkbench\expectedResults\06-02-2019_0604PM\expectedResults_for_API__AddFeeLoanAccount_Fixedcreate120.json,C:\ACorn\jsonWorkbench\urlParameters\06-02-2019_0604PM\urlInputFields_for_API__AddFeeLoanAccount_Fixedcreate120.json
121,C:\ACorn\jsonPayload\06-02-2019_0604PM\testScenario_for_API__AddFeeLoanAccount_Fixedcreate121.json,C:\ACorn\jsonWorkbench\expectedResults\06-02-2019_0604PM\expectedResults_for_API__AddFeeLoanAccount_Fixedcreate121.json,C:\ACorn\jsonWorkbench\urlParameters\06-02-2019_0604PM\urlInputFields_for_API__AddFeeLoanAccount_Fixedcreate121.json
122,C:\ACorn\jsonPayload\06-02-2019_0604PM\testScenario_for_API__AddFeeLoanAccount_Fixedcreate122.json,C:\ACorn\jsonWorkbench\expectedResults\06-02-2019_0604PM\expectedResults_for_API__AddFeeLoanAccount_Fixedcreate122.json,C:\ACorn\jsonWorkbench\urlParameters\06-02-2019_0604PM\urlInputFields_for_API__AddFeeLoanAccount_Fixedcreate122.json
123,C:\ACorn\jsonPayload\06-02-2019_0604PM\testScenario_for_API__AddFeeLoanAccount_Fixedcreate123.json,C:\ACorn\jsonWorkbench\expectedResults\06-02-2019_0604PM\expectedResults_for_API__AddFeeLoanAccount_Fixedcreate123.json,C:\ACorn\jsonWorkbench\urlParameters\06-02-2019_0604PM\urlInputFields_for_API__AddFeeLoanAccount_Fixedcreate123.json
