1,C:\ACorn\jsonPayload\15-05-2019_1117AM\testScenario_for_API__RepaymentApporting_LoanCreation1.json,C:\ACorn\jsonWorkbench\expectedResults\15-05-2019_1117AM\expectedResults_for_API__RepaymentApporting_LoanCreation1.json,C:\ACorn\jsonWorkbench\urlParameters\15-05-2019_1117AM\urlInputFields_for_API__RepaymentApporting_LoanCreation1.json
2,C:\ACorn\jsonPayload\15-05-2019_1117AM\testScenario_for_API__RepaymentApporting_LoanCreation2.json,C:\ACorn\jsonWorkbench\expectedResults\15-05-2019_1117AM\expectedResults_for_API__RepaymentApporting_LoanCreation2.json,C:\ACorn\jsonWorkbench\urlParameters\15-05-2019_1117AM\urlInputFields_for_API__RepaymentApporting_LoanCreation2.json
3,C:\ACorn\jsonPayload\15-05-2019_1117AM\testScenario_for_API__RepaymentApporting_LoanCreation3.json,C:\ACorn\jsonWorkbench\expectedResults\15-05-2019_1117AM\expectedResults_for_API__RepaymentApporting_LoanCreation3.json,C:\ACorn\jsonWorkbench\urlParameters\15-05-2019_1117AM\urlInputFields_for_API__RepaymentApporting_LoanCreation3.json
4,C:\ACorn\jsonPayload\15-05-2019_1117AM\testScenario_for_API__RepaymentApporting_LoanCreation4.json,C:\ACorn\jsonWorkbench\expectedResults\15-05-2019_1117AM\expectedResults_for_API__RepaymentApporting_LoanCreation4.json,C:\ACorn\jsonWorkbench\urlParameters\15-05-2019_1117AM\urlInputFields_for_API__RepaymentApporting_LoanCreation4.json
5,C:\ACorn\jsonPayload\15-05-2019_1117AM\testScenario_for_API__RepaymentApporting_LoanCreation5.json,C:\ACorn\jsonWorkbench\expectedResults\15-05-2019_1117AM\expectedResults_for_API__RepaymentApporting_LoanCreation5.json,C:\ACorn\jsonWorkbench\urlParameters\15-05-2019_1117AM\urlInputFields_for_API__RepaymentApporting_LoanCreation5.json
6,C:\ACorn\jsonPayload\15-05-2019_1117AM\testScenario_for_API__RepaymentApporting_LoanCreation6.json,C:\ACorn\jsonWorkbench\expectedResults\15-05-2019_1117AM\expectedResults_for_API__RepaymentApporting_LoanCreation6.json,C:\ACorn\jsonWorkbench\urlParameters\15-05-2019_1117AM\urlInputFields_for_API__RepaymentApporting_LoanCreation6.json
7,C:\ACorn\jsonPayload\15-05-2019_1117AM\testScenario_for_API__RepaymentApporting_LoanCreation7.json,C:\ACorn\jsonWorkbench\expectedResults\15-05-2019_1117AM\expectedResults_for_API__RepaymentApporting_LoanCreation7.json,C:\ACorn\jsonWorkbench\urlParameters\15-05-2019_1117AM\urlInputFields_for_API__RepaymentApporting_LoanCreation7.json
8,C:\ACorn\jsonPayload\15-05-2019_1117AM\testScenario_for_API__RepaymentApporting_LoanCreation8.json,C:\ACorn\jsonWorkbench\expectedResults\15-05-2019_1117AM\expectedResults_for_API__RepaymentApporting_LoanCreation8.json,C:\ACorn\jsonWorkbench\urlParameters\15-05-2019_1117AM\urlInputFields_for_API__RepaymentApporting_LoanCreation8.json
9,C:\ACorn\jsonPayload\15-05-2019_1117AM\testScenario_for_API__RepaymentApporting_LoanCreation9.json,C:\ACorn\jsonWorkbench\expectedResults\15-05-2019_1117AM\expectedResults_for_API__RepaymentApporting_LoanCreation9.json,C:\ACorn\jsonWorkbench\urlParameters\15-05-2019_1117AM\urlInputFields_for_API__RepaymentApporting_LoanCreation9.json
10,C:\ACorn\jsonPayload\15-05-2019_1117AM\testScenario_for_API__RepaymentApporting_LoanCreation10.json,C:\ACorn\jsonWorkbench\expectedResults\15-05-2019_1117AM\expectedResults_for_API__RepaymentApporting_LoanCreation10.json,C:\ACorn\jsonWorkbench\urlParameters\15-05-2019_1117AM\urlInputFields_for_API__RepaymentApporting_LoanCreation10.json
11,C:\ACorn\jsonPayload\15-05-2019_1117AM\testScenario_for_API__RepaymentApporting_LoanCreation11.json,C:\ACorn\jsonWorkbench\expectedResults\15-05-2019_1117AM\expectedResults_for_API__RepaymentApporting_LoanCreation11.json,C:\ACorn\jsonWorkbench\urlParameters\15-05-2019_1117AM\urlInputFields_for_API__RepaymentApporting_LoanCreation11.json
12,C:\ACorn\jsonPayload\15-05-2019_1117AM\testScenario_for_API__RepaymentApporting_LoanCreation12.json,C:\ACorn\jsonWorkbench\expectedResults\15-05-2019_1117AM\expectedResults_for_API__RepaymentApporting_LoanCreation12.json,C:\ACorn\jsonWorkbench\urlParameters\15-05-2019_1117AM\urlInputFields_for_API__RepaymentApporting_LoanCreation12.json
13,C:\ACorn\jsonPayload\15-05-2019_1117AM\testScenario_for_API__RepaymentApporting_LoanCreation13.json,C:\ACorn\jsonWorkbench\expectedResults\15-05-2019_1117AM\expectedResults_for_API__RepaymentApporting_LoanCreation13.json,C:\ACorn\jsonWorkbench\urlParameters\15-05-2019_1117AM\urlInputFields_for_API__RepaymentApporting_LoanCreation13.json
14,C:\ACorn\jsonPayload\15-05-2019_1117AM\testScenario_for_API__RepaymentApporting_LoanCreation14.json,C:\ACorn\jsonWorkbench\expectedResults\15-05-2019_1117AM\expectedResults_for_API__RepaymentApporting_LoanCreation14.json,C:\ACorn\jsonWorkbench\urlParameters\15-05-2019_1117AM\urlInputFields_for_API__RepaymentApporting_LoanCreation14.json
15,C:\ACorn\jsonPayload\15-05-2019_1117AM\testScenario_for_API__RepaymentApporting_LoanCreation15.json,C:\ACorn\jsonWorkbench\expectedResults\15-05-2019_1117AM\expectedResults_for_API__RepaymentApporting_LoanCreation15.json,C:\ACorn\jsonWorkbench\urlParameters\15-05-2019_1117AM\urlInputFields_for_API__RepaymentApporting_LoanCreation15.json
16,C:\ACorn\jsonPayload\15-05-2019_1117AM\testScenario_for_API__RepaymentApporting_LoanCreation16.json,C:\ACorn\jsonWorkbench\expectedResults\15-05-2019_1117AM\expectedResults_for_API__RepaymentApporting_LoanCreation16.json,C:\ACorn\jsonWorkbench\urlParameters\15-05-2019_1117AM\urlInputFields_for_API__RepaymentApporting_LoanCreation16.json
17,C:\ACorn\jsonPayload\15-05-2019_1117AM\testScenario_for_API__RepaymentApporting_LoanCreation17.json,C:\ACorn\jsonWorkbench\expectedResults\15-05-2019_1117AM\expectedResults_for_API__RepaymentApporting_LoanCreation17.json,C:\ACorn\jsonWorkbench\urlParameters\15-05-2019_1117AM\urlInputFields_for_API__RepaymentApporting_LoanCreation17.json
18,C:\ACorn\jsonPayload\15-05-2019_1117AM\testScenario_for_API__RepaymentApporting_LoanCreation18.json,C:\ACorn\jsonWorkbench\expectedResults\15-05-2019_1117AM\expectedResults_for_API__RepaymentApporting_LoanCreation18.json,C:\ACorn\jsonWorkbench\urlParameters\15-05-2019_1117AM\urlInputFields_for_API__RepaymentApporting_LoanCreation18.json
19,C:\ACorn\jsonPayload\15-05-2019_1117AM\testScenario_for_API__RepaymentApporting_LoanCreation19.json,C:\ACorn\jsonWorkbench\expectedResults\15-05-2019_1117AM\expectedResults_for_API__RepaymentApporting_LoanCreation19.json,C:\ACorn\jsonWorkbench\urlParameters\15-05-2019_1117AM\urlInputFields_for_API__RepaymentApporting_LoanCreation19.json
20,C:\ACorn\jsonPayload\15-05-2019_1117AM\testScenario_for_API__RepaymentApporting_LoanCreation20.json,C:\ACorn\jsonWorkbench\expectedResults\15-05-2019_1117AM\expectedResults_for_API__RepaymentApporting_LoanCreation20.json,C:\ACorn\jsonWorkbench\urlParameters\15-05-2019_1117AM\urlInputFields_for_API__RepaymentApporting_LoanCreation20.json
21,C:\ACorn\jsonPayload\15-05-2019_1117AM\testScenario_for_API__RepaymentApporting_LoanCreation21.json,C:\ACorn\jsonWorkbench\expectedResults\15-05-2019_1117AM\expectedResults_for_API__RepaymentApporting_LoanCreation21.json,C:\ACorn\jsonWorkbench\urlParameters\15-05-2019_1117AM\urlInputFields_for_API__RepaymentApporting_LoanCreation21.json
22,C:\ACorn\jsonPayload\15-05-2019_1117AM\testScenario_for_API__RepaymentApporting_LoanCreation22.json,C:\ACorn\jsonWorkbench\expectedResults\15-05-2019_1117AM\expectedResults_for_API__RepaymentApporting_LoanCreation22.json,C:\ACorn\jsonWorkbench\urlParameters\15-05-2019_1117AM\urlInputFields_for_API__RepaymentApporting_LoanCreation22.json
23,C:\ACorn\jsonPayload\15-05-2019_1117AM\testScenario_for_API__RepaymentApporting_LoanCreation23.json,C:\ACorn\jsonWorkbench\expectedResults\15-05-2019_1117AM\expectedResults_for_API__RepaymentApporting_LoanCreation23.json,C:\ACorn\jsonWorkbench\urlParameters\15-05-2019_1117AM\urlInputFields_for_API__RepaymentApporting_LoanCreation23.json
24,C:\ACorn\jsonPayload\15-05-2019_1117AM\testScenario_for_API__RepaymentApporting_LoanCreation24.json,C:\ACorn\jsonWorkbench\expectedResults\15-05-2019_1117AM\expectedResults_for_API__RepaymentApporting_LoanCreation24.json,C:\ACorn\jsonWorkbench\urlParameters\15-05-2019_1117AM\urlInputFields_for_API__RepaymentApporting_LoanCreation24.json
25,C:\ACorn\jsonPayload\15-05-2019_1117AM\testScenario_for_API__RepaymentApporting_LoanCreation25.json,C:\ACorn\jsonWorkbench\expectedResults\15-05-2019_1117AM\expectedResults_for_API__RepaymentApporting_LoanCreation25.json,C:\ACorn\jsonWorkbench\urlParameters\15-05-2019_1117AM\urlInputFields_for_API__RepaymentApporting_LoanCreation25.json
26,C:\ACorn\jsonPayload\15-05-2019_1117AM\testScenario_for_API__RepaymentApporting_LoanCreation26.json,C:\ACorn\jsonWorkbench\expectedResults\15-05-2019_1117AM\expectedResults_for_API__RepaymentApporting_LoanCreation26.json,C:\ACorn\jsonWorkbench\urlParameters\15-05-2019_1117AM\urlInputFields_for_API__RepaymentApporting_LoanCreation26.json
27,C:\ACorn\jsonPayload\15-05-2019_1117AM\testScenario_for_API__RepaymentApporting_LoanCreation27.json,C:\ACorn\jsonWorkbench\expectedResults\15-05-2019_1117AM\expectedResults_for_API__RepaymentApporting_LoanCreation27.json,C:\ACorn\jsonWorkbench\urlParameters\15-05-2019_1117AM\urlInputFields_for_API__RepaymentApporting_LoanCreation27.json
28,C:\ACorn\jsonPayload\15-05-2019_1117AM\testScenario_for_API__RepaymentApporting_LoanCreation28.json,C:\ACorn\jsonWorkbench\expectedResults\15-05-2019_1117AM\expectedResults_for_API__RepaymentApporting_LoanCreation28.json,C:\ACorn\jsonWorkbench\urlParameters\15-05-2019_1117AM\urlInputFields_for_API__RepaymentApporting_LoanCreation28.json
29,C:\ACorn\jsonPayload\15-05-2019_1117AM\testScenario_for_API__RepaymentApporting_LoanCreation29.json,C:\ACorn\jsonWorkbench\expectedResults\15-05-2019_1117AM\expectedResults_for_API__RepaymentApporting_LoanCreation29.json,C:\ACorn\jsonWorkbench\urlParameters\15-05-2019_1117AM\urlInputFields_for_API__RepaymentApporting_LoanCreation29.json
30,C:\ACorn\jsonPayload\15-05-2019_1117AM\testScenario_for_API__RepaymentApporting_LoanCreation30.json,C:\ACorn\jsonWorkbench\expectedResults\15-05-2019_1117AM\expectedResults_for_API__RepaymentApporting_LoanCreation30.json,C:\ACorn\jsonWorkbench\urlParameters\15-05-2019_1117AM\urlInputFields_for_API__RepaymentApporting_LoanCreation30.json
31,C:\ACorn\jsonPayload\15-05-2019_1117AM\testScenario_for_API__RepaymentApporting_LoanCreation31.json,C:\ACorn\jsonWorkbench\expectedResults\15-05-2019_1117AM\expectedResults_for_API__RepaymentApporting_LoanCreation31.json,C:\ACorn\jsonWorkbench\urlParameters\15-05-2019_1117AM\urlInputFields_for_API__RepaymentApporting_LoanCreation31.json
32,C:\ACorn\jsonPayload\15-05-2019_1117AM\testScenario_for_API__RepaymentApporting_LoanCreation32.json,C:\ACorn\jsonWorkbench\expectedResults\15-05-2019_1117AM\expectedResults_for_API__RepaymentApporting_LoanCreation32.json,C:\ACorn\jsonWorkbench\urlParameters\15-05-2019_1117AM\urlInputFields_for_API__RepaymentApporting_LoanCreation32.json
33,C:\ACorn\jsonPayload\15-05-2019_1117AM\testScenario_for_API__RepaymentApporting_LoanCreation33.json,C:\ACorn\jsonWorkbench\expectedResults\15-05-2019_1117AM\expectedResults_for_API__RepaymentApporting_LoanCreation33.json,C:\ACorn\jsonWorkbench\urlParameters\15-05-2019_1117AM\urlInputFields_for_API__RepaymentApporting_LoanCreation33.json
34,C:\ACorn\jsonPayload\15-05-2019_1117AM\testScenario_for_API__RepaymentApporting_LoanCreation34.json,C:\ACorn\jsonWorkbench\expectedResults\15-05-2019_1117AM\expectedResults_for_API__RepaymentApporting_LoanCreation34.json,C:\ACorn\jsonWorkbench\urlParameters\15-05-2019_1117AM\urlInputFields_for_API__RepaymentApporting_LoanCreation34.json
35,C:\ACorn\jsonPayload\15-05-2019_1117AM\testScenario_for_API__RepaymentApporting_LoanCreation35.json,C:\ACorn\jsonWorkbench\expectedResults\15-05-2019_1117AM\expectedResults_for_API__RepaymentApporting_LoanCreation35.json,C:\ACorn\jsonWorkbench\urlParameters\15-05-2019_1117AM\urlInputFields_for_API__RepaymentApporting_LoanCreation35.json
36,C:\ACorn\jsonPayload\15-05-2019_1117AM\testScenario_for_API__RepaymentApporting_LoanCreation36.json,C:\ACorn\jsonWorkbench\expectedResults\15-05-2019_1117AM\expectedResults_for_API__RepaymentApporting_LoanCreation36.json,C:\ACorn\jsonWorkbench\urlParameters\15-05-2019_1117AM\urlInputFields_for_API__RepaymentApporting_LoanCreation36.json
37,C:\ACorn\jsonPayload\15-05-2019_1117AM\testScenario_for_API__RepaymentApporting_LoanCreation37.json,C:\ACorn\jsonWorkbench\expectedResults\15-05-2019_1117AM\expectedResults_for_API__RepaymentApporting_LoanCreation37.json,C:\ACorn\jsonWorkbench\urlParameters\15-05-2019_1117AM\urlInputFields_for_API__RepaymentApporting_LoanCreation37.json
