1,C:\ACorn\jsonPayload\03-04-2019_0140PM\testScenario_for_API__LoanAccountApprove_reject1.json,C:\ACorn\jsonWorkbench\expectedResults\03-04-2019_0140PM\expectedResults_for_API__LoanAccountApprove_reject1.json,C:\ACorn\jsonWorkbench\urlParameters\03-04-2019_0140PM\urlInputFields_for_API__LoanAccountApprove_reject1.json
2,C:\ACorn\jsonPayload\03-04-2019_0140PM\testScenario_for_API__LoanAccountApprove_reject2.json,C:\ACorn\jsonWorkbench\expectedResults\03-04-2019_0140PM\expectedResults_for_API__LoanAccountApprove_reject2.json,C:\ACorn\jsonWorkbench\urlParameters\03-04-2019_0140PM\urlInputFields_for_API__LoanAccountApprove_reject2.json
3,C:\ACorn\jsonPayload\03-04-2019_0140PM\testScenario_for_API__LoanAccountApprove_reject3.json,C:\ACorn\jsonWorkbench\expectedResults\03-04-2019_0140PM\expectedResults_for_API__LoanAccountApprove_reject3.json,C:\ACorn\jsonWorkbench\urlParameters\03-04-2019_0140PM\urlInputFields_for_API__LoanAccountApprove_reject3.json
4,C:\ACorn\jsonPayload\03-04-2019_0140PM\testScenario_for_API__LoanAccountApprove_reject4.json,C:\ACorn\jsonWorkbench\expectedResults\03-04-2019_0140PM\expectedResults_for_API__LoanAccountApprove_reject4.json,C:\ACorn\jsonWorkbench\urlParameters\03-04-2019_0140PM\urlInputFields_for_API__LoanAccountApprove_reject4.json
5,C:\ACorn\jsonPayload\03-04-2019_0140PM\testScenario_for_API__LoanAccountApprove_reject5.json,C:\ACorn\jsonWorkbench\expectedResults\03-04-2019_0140PM\expectedResults_for_API__LoanAccountApprove_reject5.json,C:\ACorn\jsonWorkbench\urlParameters\03-04-2019_0140PM\urlInputFields_for_API__LoanAccountApprove_reject5.json
6,C:\ACorn\jsonPayload\03-04-2019_0140PM\testScenario_for_API__LoanAccountApprove_reject6.json,C:\ACorn\jsonWorkbench\expectedResults\03-04-2019_0140PM\expectedResults_for_API__LoanAccountApprove_reject6.json,C:\ACorn\jsonWorkbench\urlParameters\03-04-2019_0140PM\urlInputFields_for_API__LoanAccountApprove_reject6.json
7,C:\ACorn\jsonPayload\03-04-2019_0140PM\testScenario_for_API__LoanAccountApprove_reject7.json,C:\ACorn\jsonWorkbench\expectedResults\03-04-2019_0140PM\expectedResults_for_API__LoanAccountApprove_reject7.json,C:\ACorn\jsonWorkbench\urlParameters\03-04-2019_0140PM\urlInputFields_for_API__LoanAccountApprove_reject7.json
8,C:\ACorn\jsonPayload\03-04-2019_0140PM\testScenario_for_API__LoanAccountApprove_reject8.json,C:\ACorn\jsonWorkbench\expectedResults\03-04-2019_0140PM\expectedResults_for_API__LoanAccountApprove_reject8.json,C:\ACorn\jsonWorkbench\urlParameters\03-04-2019_0140PM\urlInputFields_for_API__LoanAccountApprove_reject8.json
9,C:\ACorn\jsonPayload\03-04-2019_0140PM\testScenario_for_API__LoanAccountApprove_reject9.json,C:\ACorn\jsonWorkbench\expectedResults\03-04-2019_0140PM\expectedResults_for_API__LoanAccountApprove_reject9.json,C:\ACorn\jsonWorkbench\urlParameters\03-04-2019_0140PM\urlInputFields_for_API__LoanAccountApprove_reject9.json
10,C:\ACorn\jsonPayload\03-04-2019_0140PM\testScenario_for_API__LoanAccountApprove_reject10.json,C:\ACorn\jsonWorkbench\expectedResults\03-04-2019_0140PM\expectedResults_for_API__LoanAccountApprove_reject10.json,C:\ACorn\jsonWorkbench\urlParameters\03-04-2019_0140PM\urlInputFields_for_API__LoanAccountApprove_reject10.json
