1,C:\ACorn\jsonPayload\05-07-2019_1115PM\testScenario_for_API__Basic_Repayment1.json,C:\ACorn\jsonWorkbench\expectedResults\05-07-2019_1115PM\expectedResults_for_API__Basic_Repayment1.json,C:\ACorn\jsonWorkbench\urlParameters\05-07-2019_1115PM\urlInputFields_for_API__Basic_Repayment1.json
2,C:\ACorn\jsonPayload\05-07-2019_1115PM\testScenario_for_API__Basic_Repayment2.json,C:\ACorn\jsonWorkbench\expectedResults\05-07-2019_1115PM\expectedResults_for_API__Basic_Repayment2.json,C:\ACorn\jsonWorkbench\urlParameters\05-07-2019_1115PM\urlInputFields_for_API__Basic_Repayment2.json
3,C:\ACorn\jsonPayload\05-07-2019_1115PM\testScenario_for_API__Basic_Repayment3.json,C:\ACorn\jsonWorkbench\expectedResults\05-07-2019_1115PM\expectedResults_for_API__Basic_Repayment3.json,C:\ACorn\jsonWorkbench\urlParameters\05-07-2019_1115PM\urlInputFields_for_API__Basic_Repayment3.json
4,C:\ACorn\jsonPayload\05-07-2019_1115PM\testScenario_for_API__Basic_Repayment4.json,C:\ACorn\jsonWorkbench\expectedResults\05-07-2019_1115PM\expectedResults_for_API__Basic_Repayment4.json,C:\ACorn\jsonWorkbench\urlParameters\05-07-2019_1115PM\urlInputFields_for_API__Basic_Repayment4.json
5,C:\ACorn\jsonPayload\05-07-2019_1115PM\testScenario_for_API__Basic_Repayment5.json,C:\ACorn\jsonWorkbench\expectedResults\05-07-2019_1115PM\expectedResults_for_API__Basic_Repayment5.json,C:\ACorn\jsonWorkbench\urlParameters\05-07-2019_1115PM\urlInputFields_for_API__Basic_Repayment5.json
6,C:\ACorn\jsonPayload\05-07-2019_1115PM\testScenario_for_API__Basic_Repayment6.json,C:\ACorn\jsonWorkbench\expectedResults\05-07-2019_1115PM\expectedResults_for_API__Basic_Repayment6.json,C:\ACorn\jsonWorkbench\urlParameters\05-07-2019_1115PM\urlInputFields_for_API__Basic_Repayment6.json
7,C:\ACorn\jsonPayload\05-07-2019_1115PM\testScenario_for_API__Basic_Repayment7.json,C:\ACorn\jsonWorkbench\expectedResults\05-07-2019_1115PM\expectedResults_for_API__Basic_Repayment7.json,C:\ACorn\jsonWorkbench\urlParameters\05-07-2019_1115PM\urlInputFields_for_API__Basic_Repayment7.json
8,C:\ACorn\jsonPayload\05-07-2019_1115PM\testScenario_for_API__Basic_Repayment8.json,C:\ACorn\jsonWorkbench\expectedResults\05-07-2019_1115PM\expectedResults_for_API__Basic_Repayment8.json,C:\ACorn\jsonWorkbench\urlParameters\05-07-2019_1115PM\urlInputFields_for_API__Basic_Repayment8.json
9,C:\ACorn\jsonPayload\05-07-2019_1115PM\testScenario_for_API__Basic_Repayment9.json,C:\ACorn\jsonWorkbench\expectedResults\05-07-2019_1115PM\expectedResults_for_API__Basic_Repayment9.json,C:\ACorn\jsonWorkbench\urlParameters\05-07-2019_1115PM\urlInputFields_for_API__Basic_Repayment9.json
10,C:\ACorn\jsonPayload\05-07-2019_1115PM\testScenario_for_API__Basic_Repayment10.json,C:\ACorn\jsonWorkbench\expectedResults\05-07-2019_1115PM\expectedResults_for_API__Basic_Repayment10.json,C:\ACorn\jsonWorkbench\urlParameters\05-07-2019_1115PM\urlInputFields_for_API__Basic_Repayment10.json
11,C:\ACorn\jsonPayload\05-07-2019_1115PM\testScenario_for_API__Basic_Repayment11.json,C:\ACorn\jsonWorkbench\expectedResults\05-07-2019_1115PM\expectedResults_for_API__Basic_Repayment11.json,C:\ACorn\jsonWorkbench\urlParameters\05-07-2019_1115PM\urlInputFields_for_API__Basic_Repayment11.json
12,C:\ACorn\jsonPayload\05-07-2019_1115PM\testScenario_for_API__Basic_Repayment12.json,C:\ACorn\jsonWorkbench\expectedResults\05-07-2019_1115PM\expectedResults_for_API__Basic_Repayment12.json,C:\ACorn\jsonWorkbench\urlParameters\05-07-2019_1115PM\urlInputFields_for_API__Basic_Repayment12.json
13,C:\ACorn\jsonPayload\05-07-2019_1115PM\testScenario_for_API__Basic_Repayment13.json,C:\ACorn\jsonWorkbench\expectedResults\05-07-2019_1115PM\expectedResults_for_API__Basic_Repayment13.json,C:\ACorn\jsonWorkbench\urlParameters\05-07-2019_1115PM\urlInputFields_for_API__Basic_Repayment13.json
14,C:\ACorn\jsonPayload\05-07-2019_1115PM\testScenario_for_API__Basic_Repayment14.json,C:\ACorn\jsonWorkbench\expectedResults\05-07-2019_1115PM\expectedResults_for_API__Basic_Repayment14.json,C:\ACorn\jsonWorkbench\urlParameters\05-07-2019_1115PM\urlInputFields_for_API__Basic_Repayment14.json
15,C:\ACorn\jsonPayload\05-07-2019_1115PM\testScenario_for_API__Basic_Repayment15.json,C:\ACorn\jsonWorkbench\expectedResults\05-07-2019_1115PM\expectedResults_for_API__Basic_Repayment15.json,C:\ACorn\jsonWorkbench\urlParameters\05-07-2019_1115PM\urlInputFields_for_API__Basic_Repayment15.json
