1,C:\ACorn\jsonPayload\08-05-2019_0248PM\testScenario_for_API__LoanAccountApprove_repayment1.json,C:\ACorn\jsonWorkbench\expectedResults\08-05-2019_0248PM\expectedResults_for_API__LoanAccountApprove_repayment1.json,C:\ACorn\jsonWorkbench\urlParameters\08-05-2019_0248PM\urlInputFields_for_API__LoanAccountApprove_repayment1.json
2,C:\ACorn\jsonPayload\08-05-2019_0248PM\testScenario_for_API__LoanAccountApprove_repayment2.json,C:\ACorn\jsonWorkbench\expectedResults\08-05-2019_0248PM\expectedResults_for_API__LoanAccountApprove_repayment2.json,C:\ACorn\jsonWorkbench\urlParameters\08-05-2019_0248PM\urlInputFields_for_API__LoanAccountApprove_repayment2.json
3,C:\ACorn\jsonPayload\08-05-2019_0248PM\testScenario_for_API__LoanAccountApprove_repayment3.json,C:\ACorn\jsonWorkbench\expectedResults\08-05-2019_0248PM\expectedResults_for_API__LoanAccountApprove_repayment3.json,C:\ACorn\jsonWorkbench\urlParameters\08-05-2019_0248PM\urlInputFields_for_API__LoanAccountApprove_repayment3.json
4,C:\ACorn\jsonPayload\08-05-2019_0248PM\testScenario_for_API__LoanAccountApprove_repayment4.json,C:\ACorn\jsonWorkbench\expectedResults\08-05-2019_0248PM\expectedResults_for_API__LoanAccountApprove_repayment4.json,C:\ACorn\jsonWorkbench\urlParameters\08-05-2019_0248PM\urlInputFields_for_API__LoanAccountApprove_repayment4.json
5,C:\ACorn\jsonPayload\08-05-2019_0248PM\testScenario_for_API__LoanAccountApprove_repayment5.json,C:\ACorn\jsonWorkbench\expectedResults\08-05-2019_0248PM\expectedResults_for_API__LoanAccountApprove_repayment5.json,C:\ACorn\jsonWorkbench\urlParameters\08-05-2019_0248PM\urlInputFields_for_API__LoanAccountApprove_repayment5.json
6,C:\ACorn\jsonPayload\08-05-2019_0248PM\testScenario_for_API__LoanAccountApprove_repayment6.json,C:\ACorn\jsonWorkbench\expectedResults\08-05-2019_0248PM\expectedResults_for_API__LoanAccountApprove_repayment6.json,C:\ACorn\jsonWorkbench\urlParameters\08-05-2019_0248PM\urlInputFields_for_API__LoanAccountApprove_repayment6.json
7,C:\ACorn\jsonPayload\08-05-2019_0248PM\testScenario_for_API__LoanAccountApprove_repayment7.json,C:\ACorn\jsonWorkbench\expectedResults\08-05-2019_0248PM\expectedResults_for_API__LoanAccountApprove_repayment7.json,C:\ACorn\jsonWorkbench\urlParameters\08-05-2019_0248PM\urlInputFields_for_API__LoanAccountApprove_repayment7.json
8,C:\ACorn\jsonPayload\08-05-2019_0248PM\testScenario_for_API__LoanAccountApprove_repayment8.json,C:\ACorn\jsonWorkbench\expectedResults\08-05-2019_0248PM\expectedResults_for_API__LoanAccountApprove_repayment8.json,C:\ACorn\jsonWorkbench\urlParameters\08-05-2019_0248PM\urlInputFields_for_API__LoanAccountApprove_repayment8.json
9,C:\ACorn\jsonPayload\08-05-2019_0248PM\testScenario_for_API__LoanAccountApprove_repayment9.json,C:\ACorn\jsonWorkbench\expectedResults\08-05-2019_0248PM\expectedResults_for_API__LoanAccountApprove_repayment9.json,C:\ACorn\jsonWorkbench\urlParameters\08-05-2019_0248PM\urlInputFields_for_API__LoanAccountApprove_repayment9.json
10,C:\ACorn\jsonPayload\08-05-2019_0248PM\testScenario_for_API__LoanAccountApprove_repayment10.json,C:\ACorn\jsonWorkbench\expectedResults\08-05-2019_0248PM\expectedResults_for_API__LoanAccountApprove_repayment10.json,C:\ACorn\jsonWorkbench\urlParameters\08-05-2019_0248PM\urlInputFields_for_API__LoanAccountApprove_repayment10.json
11,C:\ACorn\jsonPayload\08-05-2019_0248PM\testScenario_for_API__LoanAccountApprove_repayment11.json,C:\ACorn\jsonWorkbench\expectedResults\08-05-2019_0248PM\expectedResults_for_API__LoanAccountApprove_repayment11.json,C:\ACorn\jsonWorkbench\urlParameters\08-05-2019_0248PM\urlInputFields_for_API__LoanAccountApprove_repayment11.json
12,C:\ACorn\jsonPayload\08-05-2019_0248PM\testScenario_for_API__LoanAccountApprove_repayment12.json,C:\ACorn\jsonWorkbench\expectedResults\08-05-2019_0248PM\expectedResults_for_API__LoanAccountApprove_repayment12.json,C:\ACorn\jsonWorkbench\urlParameters\08-05-2019_0248PM\urlInputFields_for_API__LoanAccountApprove_repayment12.json
13,C:\ACorn\jsonPayload\08-05-2019_0248PM\testScenario_for_API__LoanAccountApprove_repayment13.json,C:\ACorn\jsonWorkbench\expectedResults\08-05-2019_0248PM\expectedResults_for_API__LoanAccountApprove_repayment13.json,C:\ACorn\jsonWorkbench\urlParameters\08-05-2019_0248PM\urlInputFields_for_API__LoanAccountApprove_repayment13.json
14,C:\ACorn\jsonPayload\08-05-2019_0248PM\testScenario_for_API__LoanAccountApprove_repayment14.json,C:\ACorn\jsonWorkbench\expectedResults\08-05-2019_0248PM\expectedResults_for_API__LoanAccountApprove_repayment14.json,C:\ACorn\jsonWorkbench\urlParameters\08-05-2019_0248PM\urlInputFields_for_API__LoanAccountApprove_repayment14.json
15,C:\ACorn\jsonPayload\08-05-2019_0248PM\testScenario_for_API__LoanAccountApprove_repayment15.json,C:\ACorn\jsonWorkbench\expectedResults\08-05-2019_0248PM\expectedResults_for_API__LoanAccountApprove_repayment15.json,C:\ACorn\jsonWorkbench\urlParameters\08-05-2019_0248PM\urlInputFields_for_API__LoanAccountApprove_repayment15.json
16,C:\ACorn\jsonPayload\08-05-2019_0248PM\testScenario_for_API__LoanAccountApprove_repayment16.json,C:\ACorn\jsonWorkbench\expectedResults\08-05-2019_0248PM\expectedResults_for_API__LoanAccountApprove_repayment16.json,C:\ACorn\jsonWorkbench\urlParameters\08-05-2019_0248PM\urlInputFields_for_API__LoanAccountApprove_repayment16.json
17,C:\ACorn\jsonPayload\08-05-2019_0248PM\testScenario_for_API__LoanAccountApprove_repayment17.json,C:\ACorn\jsonWorkbench\expectedResults\08-05-2019_0248PM\expectedResults_for_API__LoanAccountApprove_repayment17.json,C:\ACorn\jsonWorkbench\urlParameters\08-05-2019_0248PM\urlInputFields_for_API__LoanAccountApprove_repayment17.json
18,C:\ACorn\jsonPayload\08-05-2019_0248PM\testScenario_for_API__LoanAccountApprove_repayment18.json,C:\ACorn\jsonWorkbench\expectedResults\08-05-2019_0248PM\expectedResults_for_API__LoanAccountApprove_repayment18.json,C:\ACorn\jsonWorkbench\urlParameters\08-05-2019_0248PM\urlInputFields_for_API__LoanAccountApprove_repayment18.json
19,C:\ACorn\jsonPayload\08-05-2019_0248PM\testScenario_for_API__LoanAccountApprove_repayment19.json,C:\ACorn\jsonWorkbench\expectedResults\08-05-2019_0248PM\expectedResults_for_API__LoanAccountApprove_repayment19.json,C:\ACorn\jsonWorkbench\urlParameters\08-05-2019_0248PM\urlInputFields_for_API__LoanAccountApprove_repayment19.json
20,C:\ACorn\jsonPayload\08-05-2019_0248PM\testScenario_for_API__LoanAccountApprove_repayment20.json,C:\ACorn\jsonWorkbench\expectedResults\08-05-2019_0248PM\expectedResults_for_API__LoanAccountApprove_repayment20.json,C:\ACorn\jsonWorkbench\urlParameters\08-05-2019_0248PM\urlInputFields_for_API__LoanAccountApprove_repayment20.json
21,C:\ACorn\jsonPayload\08-05-2019_0248PM\testScenario_for_API__LoanAccountApprove_repayment21.json,C:\ACorn\jsonWorkbench\expectedResults\08-05-2019_0248PM\expectedResults_for_API__LoanAccountApprove_repayment21.json,C:\ACorn\jsonWorkbench\urlParameters\08-05-2019_0248PM\urlInputFields_for_API__LoanAccountApprove_repayment21.json
22,C:\ACorn\jsonPayload\08-05-2019_0248PM\testScenario_for_API__LoanAccountApprove_repayment22.json,C:\ACorn\jsonWorkbench\expectedResults\08-05-2019_0248PM\expectedResults_for_API__LoanAccountApprove_repayment22.json,C:\ACorn\jsonWorkbench\urlParameters\08-05-2019_0248PM\urlInputFields_for_API__LoanAccountApprove_repayment22.json
23,C:\ACorn\jsonPayload\08-05-2019_0248PM\testScenario_for_API__LoanAccountApprove_repayment23.json,C:\ACorn\jsonWorkbench\expectedResults\08-05-2019_0248PM\expectedResults_for_API__LoanAccountApprove_repayment23.json,C:\ACorn\jsonWorkbench\urlParameters\08-05-2019_0248PM\urlInputFields_for_API__LoanAccountApprove_repayment23.json
24,C:\ACorn\jsonPayload\08-05-2019_0248PM\testScenario_for_API__LoanAccountApprove_repayment24.json,C:\ACorn\jsonWorkbench\expectedResults\08-05-2019_0248PM\expectedResults_for_API__LoanAccountApprove_repayment24.json,C:\ACorn\jsonWorkbench\urlParameters\08-05-2019_0248PM\urlInputFields_for_API__LoanAccountApprove_repayment24.json
25,C:\ACorn\jsonPayload\08-05-2019_0248PM\testScenario_for_API__LoanAccountApprove_repayment25.json,C:\ACorn\jsonWorkbench\expectedResults\08-05-2019_0248PM\expectedResults_for_API__LoanAccountApprove_repayment25.json,C:\ACorn\jsonWorkbench\urlParameters\08-05-2019_0248PM\urlInputFields_for_API__LoanAccountApprove_repayment25.json
26,C:\ACorn\jsonPayload\08-05-2019_0248PM\testScenario_for_API__LoanAccountApprove_repayment26.json,C:\ACorn\jsonWorkbench\expectedResults\08-05-2019_0248PM\expectedResults_for_API__LoanAccountApprove_repayment26.json,C:\ACorn\jsonWorkbench\urlParameters\08-05-2019_0248PM\urlInputFields_for_API__LoanAccountApprove_repayment26.json
27,C:\ACorn\jsonPayload\08-05-2019_0248PM\testScenario_for_API__LoanAccountApprove_repayment27.json,C:\ACorn\jsonWorkbench\expectedResults\08-05-2019_0248PM\expectedResults_for_API__LoanAccountApprove_repayment27.json,C:\ACorn\jsonWorkbench\urlParameters\08-05-2019_0248PM\urlInputFields_for_API__LoanAccountApprove_repayment27.json
28,C:\ACorn\jsonPayload\08-05-2019_0248PM\testScenario_for_API__LoanAccountApprove_repayment28.json,C:\ACorn\jsonWorkbench\expectedResults\08-05-2019_0248PM\expectedResults_for_API__LoanAccountApprove_repayment28.json,C:\ACorn\jsonWorkbench\urlParameters\08-05-2019_0248PM\urlInputFields_for_API__LoanAccountApprove_repayment28.json
29,C:\ACorn\jsonPayload\08-05-2019_0248PM\testScenario_for_API__LoanAccountApprove_repayment29.json,C:\ACorn\jsonWorkbench\expectedResults\08-05-2019_0248PM\expectedResults_for_API__LoanAccountApprove_repayment29.json,C:\ACorn\jsonWorkbench\urlParameters\08-05-2019_0248PM\urlInputFields_for_API__LoanAccountApprove_repayment29.json
30,C:\ACorn\jsonPayload\08-05-2019_0248PM\testScenario_for_API__LoanAccountApprove_repayment30.json,C:\ACorn\jsonWorkbench\expectedResults\08-05-2019_0248PM\expectedResults_for_API__LoanAccountApprove_repayment30.json,C:\ACorn\jsonWorkbench\urlParameters\08-05-2019_0248PM\urlInputFields_for_API__LoanAccountApprove_repayment30.json
31,C:\ACorn\jsonPayload\08-05-2019_0248PM\testScenario_for_API__LoanAccountApprove_repayment31.json,C:\ACorn\jsonWorkbench\expectedResults\08-05-2019_0248PM\expectedResults_for_API__LoanAccountApprove_repayment31.json,C:\ACorn\jsonWorkbench\urlParameters\08-05-2019_0248PM\urlInputFields_for_API__LoanAccountApprove_repayment31.json
32,C:\ACorn\jsonPayload\08-05-2019_0248PM\testScenario_for_API__LoanAccountApprove_repayment32.json,C:\ACorn\jsonWorkbench\expectedResults\08-05-2019_0248PM\expectedResults_for_API__LoanAccountApprove_repayment32.json,C:\ACorn\jsonWorkbench\urlParameters\08-05-2019_0248PM\urlInputFields_for_API__LoanAccountApprove_repayment32.json
33,C:\ACorn\jsonPayload\08-05-2019_0248PM\testScenario_for_API__LoanAccountApprove_repayment33.json,C:\ACorn\jsonWorkbench\expectedResults\08-05-2019_0248PM\expectedResults_for_API__LoanAccountApprove_repayment33.json,C:\ACorn\jsonWorkbench\urlParameters\08-05-2019_0248PM\urlInputFields_for_API__LoanAccountApprove_repayment33.json
34,C:\ACorn\jsonPayload\08-05-2019_0248PM\testScenario_for_API__LoanAccountApprove_repayment34.json,C:\ACorn\jsonWorkbench\expectedResults\08-05-2019_0248PM\expectedResults_for_API__LoanAccountApprove_repayment34.json,C:\ACorn\jsonWorkbench\urlParameters\08-05-2019_0248PM\urlInputFields_for_API__LoanAccountApprove_repayment34.json
35,C:\ACorn\jsonPayload\08-05-2019_0248PM\testScenario_for_API__LoanAccountApprove_repayment35.json,C:\ACorn\jsonWorkbench\expectedResults\08-05-2019_0248PM\expectedResults_for_API__LoanAccountApprove_repayment35.json,C:\ACorn\jsonWorkbench\urlParameters\08-05-2019_0248PM\urlInputFields_for_API__LoanAccountApprove_repayment35.json
36,C:\ACorn\jsonPayload\08-05-2019_0248PM\testScenario_for_API__LoanAccountApprove_repayment36.json,C:\ACorn\jsonWorkbench\expectedResults\08-05-2019_0248PM\expectedResults_for_API__LoanAccountApprove_repayment36.json,C:\ACorn\jsonWorkbench\urlParameters\08-05-2019_0248PM\urlInputFields_for_API__LoanAccountApprove_repayment36.json
37,C:\ACorn\jsonPayload\08-05-2019_0248PM\testScenario_for_API__LoanAccountApprove_repayment37.json,C:\ACorn\jsonWorkbench\expectedResults\08-05-2019_0248PM\expectedResults_for_API__LoanAccountApprove_repayment37.json,C:\ACorn\jsonWorkbench\urlParameters\08-05-2019_0248PM\urlInputFields_for_API__LoanAccountApprove_repayment37.json
38,C:\ACorn\jsonPayload\08-05-2019_0248PM\testScenario_for_API__LoanAccountApprove_repayment38.json,C:\ACorn\jsonWorkbench\expectedResults\08-05-2019_0248PM\expectedResults_for_API__LoanAccountApprove_repayment38.json,C:\ACorn\jsonWorkbench\urlParameters\08-05-2019_0248PM\urlInputFields_for_API__LoanAccountApprove_repayment38.json
