1,C:\ACorn\jsonPayload\03-06-2019_0510PM\testScenario_for_API__FeeEnquiry_LoanCreation1.json,C:\ACorn\jsonWorkbench\expectedResults\03-06-2019_0510PM\expectedResults_for_API__FeeEnquiry_LoanCreation1.json,C:\ACorn\jsonWorkbench\urlParameters\03-06-2019_0510PM\urlInputFields_for_API__FeeEnquiry_LoanCreation1.json
2,C:\ACorn\jsonPayload\03-06-2019_0510PM\testScenario_for_API__FeeEnquiry_LoanCreation2.json,C:\ACorn\jsonWorkbench\expectedResults\03-06-2019_0510PM\expectedResults_for_API__FeeEnquiry_LoanCreation2.json,C:\ACorn\jsonWorkbench\urlParameters\03-06-2019_0510PM\urlInputFields_for_API__FeeEnquiry_LoanCreation2.json
3,C:\ACorn\jsonPayload\03-06-2019_0510PM\testScenario_for_API__FeeEnquiry_LoanCreation3.json,C:\ACorn\jsonWorkbench\expectedResults\03-06-2019_0510PM\expectedResults_for_API__FeeEnquiry_LoanCreation3.json,C:\ACorn\jsonWorkbench\urlParameters\03-06-2019_0510PM\urlInputFields_for_API__FeeEnquiry_LoanCreation3.json
4,C:\ACorn\jsonPayload\03-06-2019_0510PM\testScenario_for_API__FeeEnquiry_LoanCreation4.json,C:\ACorn\jsonWorkbench\expectedResults\03-06-2019_0510PM\expectedResults_for_API__FeeEnquiry_LoanCreation4.json,C:\ACorn\jsonWorkbench\urlParameters\03-06-2019_0510PM\urlInputFields_for_API__FeeEnquiry_LoanCreation4.json
5,C:\ACorn\jsonPayload\03-06-2019_0510PM\testScenario_for_API__FeeEnquiry_LoanCreation5.json,C:\ACorn\jsonWorkbench\expectedResults\03-06-2019_0510PM\expectedResults_for_API__FeeEnquiry_LoanCreation5.json,C:\ACorn\jsonWorkbench\urlParameters\03-06-2019_0510PM\urlInputFields_for_API__FeeEnquiry_LoanCreation5.json
6,C:\ACorn\jsonPayload\03-06-2019_0510PM\testScenario_for_API__FeeEnquiry_LoanCreation6.json,C:\ACorn\jsonWorkbench\expectedResults\03-06-2019_0510PM\expectedResults_for_API__FeeEnquiry_LoanCreation6.json,C:\ACorn\jsonWorkbench\urlParameters\03-06-2019_0510PM\urlInputFields_for_API__FeeEnquiry_LoanCreation6.json
7,C:\ACorn\jsonPayload\03-06-2019_0510PM\testScenario_for_API__FeeEnquiry_LoanCreation7.json,C:\ACorn\jsonWorkbench\expectedResults\03-06-2019_0510PM\expectedResults_for_API__FeeEnquiry_LoanCreation7.json,C:\ACorn\jsonWorkbench\urlParameters\03-06-2019_0510PM\urlInputFields_for_API__FeeEnquiry_LoanCreation7.json
8,C:\ACorn\jsonPayload\03-06-2019_0510PM\testScenario_for_API__FeeEnquiry_LoanCreation8.json,C:\ACorn\jsonWorkbench\expectedResults\03-06-2019_0510PM\expectedResults_for_API__FeeEnquiry_LoanCreation8.json,C:\ACorn\jsonWorkbench\urlParameters\03-06-2019_0510PM\urlInputFields_for_API__FeeEnquiry_LoanCreation8.json
9,C:\ACorn\jsonPayload\03-06-2019_0510PM\testScenario_for_API__FeeEnquiry_LoanCreation9.json,C:\ACorn\jsonWorkbench\expectedResults\03-06-2019_0510PM\expectedResults_for_API__FeeEnquiry_LoanCreation9.json,C:\ACorn\jsonWorkbench\urlParameters\03-06-2019_0510PM\urlInputFields_for_API__FeeEnquiry_LoanCreation9.json
10,C:\ACorn\jsonPayload\03-06-2019_0510PM\testScenario_for_API__FeeEnquiry_LoanCreation10.json,C:\ACorn\jsonWorkbench\expectedResults\03-06-2019_0510PM\expectedResults_for_API__FeeEnquiry_LoanCreation10.json,C:\ACorn\jsonWorkbench\urlParameters\03-06-2019_0510PM\urlInputFields_for_API__FeeEnquiry_LoanCreation10.json
11,C:\ACorn\jsonPayload\03-06-2019_0510PM\testScenario_for_API__FeeEnquiry_LoanCreation11.json,C:\ACorn\jsonWorkbench\expectedResults\03-06-2019_0510PM\expectedResults_for_API__FeeEnquiry_LoanCreation11.json,C:\ACorn\jsonWorkbench\urlParameters\03-06-2019_0510PM\urlInputFields_for_API__FeeEnquiry_LoanCreation11.json
12,C:\ACorn\jsonPayload\03-06-2019_0510PM\testScenario_for_API__FeeEnquiry_LoanCreation12.json,C:\ACorn\jsonWorkbench\expectedResults\03-06-2019_0510PM\expectedResults_for_API__FeeEnquiry_LoanCreation12.json,C:\ACorn\jsonWorkbench\urlParameters\03-06-2019_0510PM\urlInputFields_for_API__FeeEnquiry_LoanCreation12.json
13,C:\ACorn\jsonPayload\03-06-2019_0510PM\testScenario_for_API__FeeEnquiry_LoanCreation13.json,C:\ACorn\jsonWorkbench\expectedResults\03-06-2019_0510PM\expectedResults_for_API__FeeEnquiry_LoanCreation13.json,C:\ACorn\jsonWorkbench\urlParameters\03-06-2019_0510PM\urlInputFields_for_API__FeeEnquiry_LoanCreation13.json
14,C:\ACorn\jsonPayload\03-06-2019_0510PM\testScenario_for_API__FeeEnquiry_LoanCreation14.json,C:\ACorn\jsonWorkbench\expectedResults\03-06-2019_0510PM\expectedResults_for_API__FeeEnquiry_LoanCreation14.json,C:\ACorn\jsonWorkbench\urlParameters\03-06-2019_0510PM\urlInputFields_for_API__FeeEnquiry_LoanCreation14.json
15,C:\ACorn\jsonPayload\03-06-2019_0510PM\testScenario_for_API__FeeEnquiry_LoanCreation15.json,C:\ACorn\jsonWorkbench\expectedResults\03-06-2019_0510PM\expectedResults_for_API__FeeEnquiry_LoanCreation15.json,C:\ACorn\jsonWorkbench\urlParameters\03-06-2019_0510PM\urlInputFields_for_API__FeeEnquiry_LoanCreation15.json
16,C:\ACorn\jsonPayload\03-06-2019_0510PM\testScenario_for_API__FeeEnquiry_LoanCreation16.json,C:\ACorn\jsonWorkbench\expectedResults\03-06-2019_0510PM\expectedResults_for_API__FeeEnquiry_LoanCreation16.json,C:\ACorn\jsonWorkbench\urlParameters\03-06-2019_0510PM\urlInputFields_for_API__FeeEnquiry_LoanCreation16.json
17,C:\ACorn\jsonPayload\03-06-2019_0510PM\testScenario_for_API__FeeEnquiry_LoanCreation17.json,C:\ACorn\jsonWorkbench\expectedResults\03-06-2019_0510PM\expectedResults_for_API__FeeEnquiry_LoanCreation17.json,C:\ACorn\jsonWorkbench\urlParameters\03-06-2019_0510PM\urlInputFields_for_API__FeeEnquiry_LoanCreation17.json
18,C:\ACorn\jsonPayload\03-06-2019_0510PM\testScenario_for_API__FeeEnquiry_LoanCreation18.json,C:\ACorn\jsonWorkbench\expectedResults\03-06-2019_0510PM\expectedResults_for_API__FeeEnquiry_LoanCreation18.json,C:\ACorn\jsonWorkbench\urlParameters\03-06-2019_0510PM\urlInputFields_for_API__FeeEnquiry_LoanCreation18.json
19,C:\ACorn\jsonPayload\03-06-2019_0510PM\testScenario_for_API__FeeEnquiry_LoanCreation19.json,C:\ACorn\jsonWorkbench\expectedResults\03-06-2019_0510PM\expectedResults_for_API__FeeEnquiry_LoanCreation19.json,C:\ACorn\jsonWorkbench\urlParameters\03-06-2019_0510PM\urlInputFields_for_API__FeeEnquiry_LoanCreation19.json
20,C:\ACorn\jsonPayload\03-06-2019_0510PM\testScenario_for_API__FeeEnquiry_LoanCreation20.json,C:\ACorn\jsonWorkbench\expectedResults\03-06-2019_0510PM\expectedResults_for_API__FeeEnquiry_LoanCreation20.json,C:\ACorn\jsonWorkbench\urlParameters\03-06-2019_0510PM\urlInputFields_for_API__FeeEnquiry_LoanCreation20.json
21,C:\ACorn\jsonPayload\03-06-2019_0510PM\testScenario_for_API__FeeEnquiry_LoanCreation21.json,C:\ACorn\jsonWorkbench\expectedResults\03-06-2019_0510PM\expectedResults_for_API__FeeEnquiry_LoanCreation21.json,C:\ACorn\jsonWorkbench\urlParameters\03-06-2019_0510PM\urlInputFields_for_API__FeeEnquiry_LoanCreation21.json
22,C:\ACorn\jsonPayload\03-06-2019_0510PM\testScenario_for_API__FeeEnquiry_LoanCreation22.json,C:\ACorn\jsonWorkbench\expectedResults\03-06-2019_0510PM\expectedResults_for_API__FeeEnquiry_LoanCreation22.json,C:\ACorn\jsonWorkbench\urlParameters\03-06-2019_0510PM\urlInputFields_for_API__FeeEnquiry_LoanCreation22.json
